name,category,sub_category,lat,lng,district,opening_hours,budget
Hamdi,Dining,World Cuisine,41.0171629,28.9698993,Fatih,09:00-22:00,Medium
Barbaros Hayrettin Türbesi,History & Culture,Historical Building,41.0419227,29.0068359,Beşiktaş,09:00-22:00,Low
Pera Antakya,Dining,World Cuisine,41.0309965,28.9748683,Beyoğlu,09:00-22:00,Medium
Kanburun Bahçesi,Other,General,41.042587,29.0038953,Beşiktaş,09:00-22:00,Low
Erbilgin Yalısı,Other,General,41.1189172,29.0684191,Beykoz,09:00-22:00,Low
Besteci Faik Canselen'in Evi,Other,General,41.1188112,29.0641646,Beykoz,09:00-22:00,Low
İTO ESHV Tesisleri,Dining,World Cuisine,41.0709509,29.0626164,Ümraniye,09:00-22:00,Medium
Yılanlı Sütun,Other,General,41.0056649,28.9751101,Fatih,09:00-22:00,Low
Iskele Restaurant,Dining,World Cuisine,41.1217558,29.0708274,Beykoz,09:00-22:00,Medium
Çemberlitaş Hamamı,Other,General,41.0085416,28.9716244,Fatih,Mo-Su 06:00-23:30,Low
Poğaçacı,Dining,Pizza,41.0847588,29.0429654,Beşiktaş,09:00-22:00,Medium
Konyalı Restaurant,Dining,World Cuisine,41.013559,28.9858813,Beyoğlu,09:00-22:00,Medium
Marmara 3 Döner&Kumru,Dining,World Cuisine,41.0132362,28.932247,Fatih,09:00-22:00,Medium
Imroz,Dining,World Cuisine,41.0347422,28.9780262,Beyoğlu,09:00-22:00,Medium
Fishvar,Dining,World Cuisine,41.114686,29.058002,Beykoz,09:00-22:00,Medium
Le Caïque,Dining,World Cuisine,41.0265461,28.9580915,Fatih,09:00-22:00,Medium
Cibali,Dining,World Cuisine,41.0266817,28.9577591,Fatih,09:00-22:00,Medium
Sultan Mehmet Restaurant & Cafe,Dining,World Cuisine,41.009905,28.9788475,Fatih,09:00-22:00,Medium
The Port Shield Pub & Restaurant,Dining,World Cuisine,41.011978,28.9782237,Fatih,09:00-22:00,Medium
Mahzen,Dining,World Cuisine,41.0338973,28.9780052,Beyoğlu,09:00-22:00,Medium
Millî Egemenlik Parkı,Nature & Park,Park,41.0002134,28.8517727,Bahçelievler,09:00-22:00,Low
Silivrikapı,Other,General,41.0060826,28.9218299,Zeytinburnu,09:00-22:00,Low
Kız Kulesi,Dining,World Cuisine,41.0211236,29.0040752,Üsküdar,09:00-22:00,Medium
BJK 100 Yıl Kartal Heykeli,History & Culture,Historical Building,41.0435474,29.0041967,Beşiktaş,09:00-22:00,Low
Çam Vadisi,Dining,World Cuisine,41.1776512,29.0955312,Sarıyer,09:00-22:00,Medium
Taskin Kofte,Dining,World Cuisine,41.0708579,29.0425191,Beşiktaş,09:00-22:00,Medium
Hatice Turhan Sultan Türbesi,History & Culture,Historical Building,41.0162025,28.9719047,Fatih,09:00-22:00,Low
Ege Rum Meyhanesi,Dining,Greek,41.0242307,28.9739726,Beyoğlu,09:00-22:00,Medium
Magnaura Sarayı,History & Culture,Historical Building,41.0054477,28.9796589,Fatih,09:00-22:00,Low
Fıccın,Dining,Fish;Turkish,41.0325552,28.9757155,Beyoğlu,09:00-22:00,Medium
Çok Çok Thai Restaurant,Dining,Thai,41.0327089,28.9751817,Beyoğlu,Mo 18:00-23:45; Tu-Su 12:00-23:45,High
Ottaman Burger,Dining,World Cuisine,41.0296393,28.9750264,Beyoğlu,09:00-22:00,Medium
Helvetia,Dining,World Cuisine,41.0290262,28.9740554,Beyoğlu,09:00-22:00,Medium
Falafel Veggie,Dining,World Cuisine,41.0511155,28.9926497,Şişli,09:00-22:00,Medium
Loving Hut,Dining,International,41.0439223,29.002724,Beşiktaş,09:00-22:00,Medium
Akkol,Dining,Turkish,41.0317585,29.2595179,Sancaktepe,09:00-22:00,Medium
Cheers Soul Kitchen,Dining,Turkish_And_International,41.0026967,28.9742648,Fatih,09:00-22:00,Medium
Boukoleon Fish Restaurant,Dining,World Cuisine,41.0029302,28.9755855,Fatih,09:00-22:00,Medium
Sultan’s Inn,Dining,World Cuisine,41.0031733,28.9745331,Fatih,09:00-22:00,Medium
Lacivert,Dining,World Cuisine,41.0913113,29.0666699,Beykoz,09:00-22:00,Medium
Sunset,Dining,World Cuisine,41.0639692,29.0330189,Beşiktaş,09:00-22:00,Medium
Daruzziyafe,Dining,Regional,41.0166939,28.9625453,Fatih,09:00-22:00,Medium
Karakol Restaurant,Dining,Turkish,41.0092963,28.9810833,Fatih,09:00-22:00,Medium
Sarnic Restaurant,Dining,World Cuisine,41.0098698,28.9795524,Fatih,09:00-22:00,Medium
Sofia,Dining,World Cuisine,41.0097888,28.9794451,Fatih,Mo-Su 11:00-23:00,Medium
Giritli,Dining,Greek;Turkish,41.0036587,28.9807319,Fatih,13:00-00:00,Medium
Mangal Keyfi,Dining,Turkish,41.036163,28.979663,Beyoğlu,09:00-22:00,Medium
Allsports Cafe,Dining,International,41.0806378,29.0355521,Beşiktaş,09:00-22:00,Medium
Karaköy Lokantası,Dining,International;Regional;Michelin_Starred,41.0245922,28.980028,Beyoğlu,09:00-22:00,Medium
Ancient Hippodrome Substructure,Other,General,41.004072,28.973413,Fatih,09:00-22:00,Low
Cankurtaran Öğretmenevi,Dining,World Cuisine,41.0041488,28.9821511,Fatih,09:00-22:00,Medium
Mihri,Dining,Turkish,41.0072661,28.9791652,Fatih,09:00-22:00,Medium
Milyon Taşı,History & Culture,Historical Building,41.0080674,28.9780181,Fatih,09:00-22:00,Low
Ming Garden,Dining,Chinese,41.0395558,28.9847147,Beyoğlu,09:00-22:00,Medium
Gaya,Dining,Korean,41.0395385,28.9834201,Beyoğlu,09:00-22:00,Medium
Taksim Karaoke,Dining,Korean,41.0397676,28.985416,Beyoğlu,09:00-22:00,Medium
Udonya Japanese Restaurant,Dining,Japanese,41.0405112,28.9853334,Beyoğlu,Mo-Su 12:00-22:00,High
Cistern Restaurant,Dining,World Cuisine,41.0099971,28.9794755,Fatih,09:00-22:00,Medium
Korean Chinese,Dining,Asian,41.0033965,28.9742599,Fatih,09:00-22:00,Medium
Nostra Casa,Dining,Italian,41.0031267,28.9743156,Fatih,09:00-22:00,Medium
Seoul II Restaurant,Dining,Korean,41.0053655,28.9800889,Fatih,09:00-22:00,Medium
Komün,Dining,Italian,41.0278772,28.9738042,Beyoğlu,09:00-22:00,Medium
Kaşıkçı Pilav,Dining,World Cuisine,41.086955,29.006026,Şişli,09:00-22:00,Medium
Paşa Çadırı,Dining,Turkish,41.049468,29.0762049,Ümraniye,09:00-22:00,Medium
KARDEŞLER LOKANTASI,Dining,World Cuisine,41.0665216,28.973324,Kağıthane,09:00-22:00,Medium
Garipçe Kalesi,History & Culture,Historical Building,41.2140768,29.1106021,Sarıyer,09:00-22:00,Low
Pompeus Sütunu / Roke Kayalıkları,History & Culture,Historical Building,41.23394,29.1157573,Sarıyer,09:00-22:00,Low
Rumeli Kavağı Tabyaları,History & Culture,Historical Building,41.1820279,29.0746658,Sarıyer,09:00-22:00,Low
Yenimahalle Astsubay Orduevi,Dining,Turkish,41.1722647,29.0659218,Sarıyer,09:00-22:00,Medium
Sultan's Kitchen,Dining,Regional,41.0062489,28.969526,Fatih,09:00-22:00,Medium
Namlı Kebap,Dining,World Cuisine,41.0279801,29.1911301,Çekmeköy,"Mo-Su,PH 08:30-21:30",Medium
Salon Cafe,Dining,Turkish,41.0682401,29.0009827,Şişli,09:00-22:00,Medium
Akademi Lezzet,Dining,International,41.0686953,29.0019483,Şişli,09:00-22:00,Medium
İmer Cafe,Dining,Turkish,41.0689377,29.0020583,Şişli,09:00-22:00,Medium
Rasathane Kebap,Dining,World Cuisine,41.0632132,29.0662247,Ümraniye,09:00-22:00,Medium
Kartal Közde Döner,Dining,Turkish,41.0671818,29.003537,Şişli,Mo-Sa 11:00-21:00; PH closed,Medium
Limma,Dining,World Cuisine,41.0678138,29.0067149,Şişli,09:00-22:00,Medium
Cumhuriyet Anıtı,History & Culture,Historical Building,41.0369723,28.9851248,Beyoğlu,09:00-22:00,Low
Yenice,Dining,Regional,41.0860548,29.0484362,Beşiktaş,09:00-22:00,Medium
Hatay Medeniyetler Sofrasi,Dining,World Cuisine,41.0357323,28.9835307,Beyoğlu,09:00-22:00,Medium
Suna'nın Yeri,Dining,Seafood,41.074314,29.0581857,Ümraniye,09:00-22:00,Medium
2. Abdülhamit Anıtı,History & Culture,Historical Building,41.0017691,29.0071158,Kadıköy,09:00-22:00,Low
Cigeristan,Dining,Turkish,41.0117796,28.9493245,Fatih,09:00-22:00,Medium
Seyhmuz Kebap,Dining,World Cuisine,41.0088964,28.9696383,Fatih,09:00-22:00,Medium
Otto Cihangir,Dining,World Cuisine,41.032191,28.9829731,Beyoğlu,09:00-22:00,Medium
E Balik,Dining,World Cuisine,41.00909,29.1354605,Ataşehir,09:00-22:00,Medium
Hasan Usta,Dining,World Cuisine,41.0083361,29.1383639,Ataşehir,09:00-22:00,Medium
Orman Cafe & Restaurant,Dining,World Cuisine,41.0277645,29.1373818,Çekmeköy,09:00-22:00,Medium
Cafe Garage,Dining,World Cuisine,41.0049313,29.1315253,Ataşehir,09:00-22:00,Medium
St. George's Anglikan Kilisesi,History & Culture,Historical Building,41.1909401,28.9623135,Sarıyer,09:00-22:00,Low
5. Kat,Dining,World Cuisine,41.0323979,28.9847143,Beyoğlu,09:00-22:00,Medium
Sa Va Anatolian Breakfast House,Dining,Breakfast;Turkish,41.0320474,28.9837075,Beyoğlu,09:00-22:00,Medium
Hayvore,Dining,Mediterranean;Regional;Turkish,41.0338294,28.9788816,Beyoğlu,09:00-22:00,Medium
Filiboz Antik Bizans kasabası,History & Culture,Historical Building,41.1261093,28.7018667,Arnavutköy,09:00-22:00,Low
Nakka Bistro,Dining,World Cuisine,41.0268562,28.9743784,Beyoğlu,09:00-22:00,Medium
Farika Döner,Dining,World Cuisine,41.0231587,29.1298469,Ümraniye,09:00-22:00,Medium
Dogaciyiz.com gourmet şarküteri,Dining,Naturel_Foods,41.0300565,28.9824119,Beyoğlu,08:00-24:00,Medium
Captain,Dining,World Cuisine,41.0862571,29.0080208,Şişli,09:00-22:00,Medium
Cafe Levent,Dining,Köfte,41.0855803,29.0084838,Şişli,09:00-22:00,Medium
1972 Çevre Pasta Cafe Restaurant,Dining,World Cuisine,41.0854131,29.0087046,Şişli,09:00-22:00,Medium
on1 Bistro,Dining,World Cuisine,41.0856851,29.00859,Şişli,09:00-22:00,Medium
Sefik,Dining,Köfte,41.0858347,29.0084532,Şişli,09:00-22:00,Medium
Capital,Dining,World Cuisine,41.0859286,29.0086725,Şişli,09:00-22:00,Medium
Yücel simit,Dining,World Cuisine,41.0860694,29.0085729,Şişli,09:00-22:00,Medium
All Flavors,Dining,World Cuisine,41.0864015,29.0083311,Şişli,09:00-22:00,Medium
Pasha,Dining,Turkish,41.0082975,28.9743163,Fatih,09:00-22:00,Medium
ANTEB Kebab & Pizza,Dining,Turkish,41.0085811,28.9740441,Fatih,09:00-22:00,Medium
Ulus 29,Dining,Regional,41.0645058,29.031933,Beşiktaş,"18:30+ ""Dinner""; Mo-Fr 12:00-15:00 ""Lunch""",Medium
The House Cafe,Dining,World Cuisine,41.0473665,29.0254137,Beşiktaş,09:00-22:00,Medium
Iskele,Dining,Seafood,41.0882536,29.0568235,Beykoz,09:00-22:00,Medium
Angel Blue,Dining,Seafood,41.0987375,29.0533167,Beykoz,09:00-22:00,Medium
Aquarius,Dining,World Cuisine,41.1687636,29.0578491,Sarıyer,09:00-22:00,Medium
Dolphin,Dining,Seafood,41.1685623,29.0577779,Sarıyer,09:00-22:00,Medium
Super Yedigün,Dining,Seafood,41.1831753,29.075266,Sarıyer,09:00-22:00,Medium
Atatürk Anıtı,History & Culture,Historical Building,41.2464998,29.0369322,Sarıyer,09:00-22:00,Low
Yemekhane,Dining,World Cuisine,41.204818,29.0733666,Sarıyer,09:00-22:00,Medium
Mio,Dining,World Cuisine,41.2049719,29.0733588,Sarıyer,09:00-22:00,Medium
DOYUYO!,Dining,World Cuisine,41.2049624,29.0734297,Sarıyer,09:00-22:00,Medium
Divan Sports Cafe,Dining,World Cuisine,41.2050621,29.0733457,Sarıyer,09:00-22:00,Medium
Çanak Kebap,Dining,Regional;Kebab;Turkish,41.0054361,29.045525,Kadıköy,09:00-22:00,Medium
Giorgi,Dining,Georgian,41.0080079,28.9493367,Fatih,09:00-22:00,Medium
ege rum meyhanesi cam ve ambalaj atık,Dining,World Cuisine,41.0242836,28.97408,Beyoğlu,09:00-22:00,Medium
49 Çukurcuma,Dining,Pizza,41.0334062,28.9813914,Beyoğlu,09:00-22:00,Medium
Çınaraltı Cafe Çengelköy,Dining,"Regional,_Local,_Turkish",41.0502297,29.0524543,Üsküdar,09:00-22:00,Medium
Labella Premium Topkapı,Dining,World Cuisine,41.0262341,28.9197024,Eyüpsultan,09:00-22:00,Medium
Esmer Chef,Dining,Italian;Italian_Pizza,41.0155133,28.9758964,Fatih,09:00-22:00,Medium
Pandeli,Dining,Turkish,41.0171446,28.9711789,Fatih,09:00-22:00,Medium
Bab-ı Hayat,Dining,Turkish,41.0157745,28.9717449,Fatih,09:00-22:00,Medium
Çamlıca Cafe,Dining,World Cuisine,41.1109484,28.9065172,Sultangazi,09:00-22:00,Medium
Paşazade Restaurant,Dining,World Cuisine,41.0127256,28.9773987,Fatih,09:00-22:00,Medium
Med Cezir,Dining,World Cuisine,41.0065767,28.9795596,Fatih,09:00-22:00,Medium
Sultan Köşesi,Dining,Turkish,41.004157,28.9763532,Fatih,09:00-22:00,Medium
istanbul enjoyer,Dining,World Cuisine,41.0081919,28.9768644,Fatih,09:00-22:00,Medium
Seven Hills Restaurant,Dining,Fish,41.0063716,28.9797148,Fatih,Mo-Su 07:30-23:00,Medium
Masal,Dining,World Cuisine,41.0082304,28.9765667,Fatih,09:00-22:00,Medium
Palmiye,Dining,World Cuisine,41.0081218,28.9775091,Fatih,09:00-22:00,Medium
Erzincanlı Ali Baba Restoran,Dining,World Cuisine,41.0155142,28.9632711,Fatih,09:00-22:00,Medium
Barbecue House,Dining,World Cuisine,41.0092702,28.9768605,Fatih,09:00-22:00,Medium
Erol,Dining,World Cuisine,41.0086103,28.9738568,Fatih,09:00-22:00,Medium
Keyf-i Mekan,Dining,Turkish,41.0122135,28.9680717,Fatih,09:00-22:00,Medium
Mivan Restaurant Cafe,Dining,Turkish,41.0062127,28.9690802,Fatih,Mo-Su 08:00-01:30,Medium
Spectra Cafe,Dining,World Cuisine,41.0038485,28.972559,Fatih,09:00-22:00,Medium
New Season,Dining,Turkish,41.0035022,28.9759805,Fatih,09:00-22:00,Medium
Little Havanna,Dining,Turkish,41.0031418,28.9750059,Fatih,09:00-22:00,Medium
Ensar Tatlicisi,Dining,Turkish,41.0468308,28.9333407,Eyüpsultan,09:00-22:00,Medium
Serbethane Cafe & Restaurant,Dining,Turkish,41.0043335,28.9768088,Fatih,09:00-22:00,Medium
İskenderun Kral Dürüm,Dining,Turkish,41.0151423,28.8770633,Güngören,09:00-22:00,Medium
Gümüş Kanat,Dining,Turkish,41.0142336,28.8779082,Güngören,09:00-22:00,Medium
Paşa Döner,Dining,Turkish,41.0062024,28.8708781,Bahçelievler,09:00-22:00,Medium
Kale Restaurant,Dining,Turkish,41.0162574,28.8774804,Güngören,09:00-22:00,Medium
Dürüm Durak,Dining,Turkish,41.0011725,28.88172,Zeytinburnu,09:00-22:00,Medium
Güvenç Konyalı,Dining,Turkish,41.0089447,28.8865534,Güngören,09:00-22:00,Medium
Pim Kitchen & Patisserie,Dining,Italian,41.025723,28.980903,Beyoğlu,09:00-22:00,Medium
Yeniköy Doğayı Koruma Derneği Bahçesi,Nature & Park,Park,41.1226588,29.0617394,Beykoz,09:00-22:00,Low
Alimento Balık,Dining,World Cuisine,41.1385724,29.0536668,Sarıyer,09:00-22:00,Medium
Şehbender 14,Dining,World Cuisine,41.0297867,28.9742766,Beyoğlu,09:00-22:00,Medium
Fanfan,Dining,World Cuisine,41.1045974,29.0204877,Kağıthane,09:00-22:00,Medium
Spectra Restaurant,Dining,Regional,41.0053194,28.9742023,Fatih,09:00-22:00,Medium
tacita,Dining,World Cuisine,41.0050496,28.9732228,Fatih,09:00-22:00,Medium
Güney,Dining,Turkish,41.02601,28.974564,Beyoğlu,08:00-24:00,Medium
Big Chefs,Dining,American,41.0281177,28.9727155,Beyoğlu,09:00-22:00,Medium
Nupera,Dining,World Cuisine,41.0317028,28.9750718,Beyoğlu,09:00-22:00,Medium
Galata Kiva,Dining,World Cuisine,41.0260402,28.9742741,Beyoğlu,09:00-22:00,Medium
Miss Pizza Şişhane,Dining,Pizza,41.0286182,28.9730564,Beyoğlu,09:00-22:00,Medium
Köşebaşı,Dining,Kebab,41.084624,29.013777,Şişli,09:00-22:00,Medium
N10 Rest.,Dining,World Cuisine,41.0029232,28.8656006,Bahçelievler,09:00-22:00,Medium
Ismet Baba,Dining,Seafood,41.0367707,29.029473,Üsküdar,09:00-22:00,Medium
Van Kahvalti Muftaği,Dining,Breakfast,41.0331027,28.9824135,Beyoğlu,09:00-22:00,Medium
Terrace 41,Dining,Regional,41.0333208,28.9808585,Beyoğlu,09:00-22:00,Medium
Kör Agop,Dining,Regional,41.0304609,28.973918,Beyoğlu,09:00-22:00,Medium
Manifaturaci Draper,History & Culture,Historical Building,41.0148075,28.9710909,Fatih,09:00-22:00,Low
Kıztaşı,History & Culture,Historical Building,41.0154411,28.9502846,Fatih,09:00-22:00,Low
Atatürk,History & Culture,Historical Building,41.0150527,28.9768215,Beyoğlu,09:00-22:00,Low
Fatih Anıtı,History & Culture,Historical Building,41.0155727,28.9542189,Fatih,09:00-22:00,Low
Hava Şehitleri Anıtı,History & Culture,Historical Building,41.0160748,28.9526349,Fatih,09:00-22:00,Low
ÇC Lider Pide Tepeüstü Otoparklı Şube,Dining,Pide;Salata,41.0196302,29.1279848,Ümraniye,Mo-Su 09:00-21:00,Medium
Hong Bin Lou,Dining,World Cuisine,41.0360476,28.9891938,Beyoğlu,09:00-22:00,Medium
Borsa Lokantası,Dining,World Cuisine,41.0358603,28.9828407,Beyoğlu,09:00-22:00,Medium
Tavanarası,Dining,Turkish,41.0299932,28.9748275,Beyoğlu,09:00-22:00,Medium
The House Cafe İstiklal,Dining,European,41.0328264,28.9766652,Beyoğlu,Mo-Th 08:00-02:00; Fr-Sa 08:00-04:00; Su 08:00-01:00,Medium
Hamal,History & Culture,Historical Building,41.0144875,28.9729077,Fatih,09:00-22:00,Low
Atatürk,History & Culture,Historical Building,41.0044513,28.9733107,Fatih,09:00-22:00,Low
Mithat Paşa,History & Culture,Historical Building,41.0042194,28.9733768,Fatih,09:00-22:00,Low
By Ferro,Dining,World Cuisine,41.0051693,28.9698734,Fatih,09:00-22:00,Medium
Sima Cafe,Dining,Turkish,41.0362969,28.9921797,Beyoğlu,09:00-22:00,Medium
Cansın Restaurant,Dining,World Cuisine,41.0183471,28.9722089,Beyoğlu,09:00-22:00,Medium
Osmanlı Balıkçısı,Dining,Fish,41.0185548,28.9718521,Fatih,09:00-22:00,Medium
Ab-i Hayat,Dining,World Cuisine,41.0194337,28.972489,Beyoğlu,09:00-22:00,Medium
No:19 Dining,Dining,Turkish,41.0329704,28.9813499,Beyoğlu,09:00-22:00,Medium
Güllüoğlu,Dining,World Cuisine,41.0247673,29.0865411,Ümraniye,09:00-22:00,Medium
Koca Sinan Paşa Külliyesi,History & Culture,Historical Building,41.0088088,28.9690637,Fatih,09:00-22:00,Low
Kara Mustafa Paşa Külliyesi,History & Culture,Historical Building,41.0087157,28.9677599,Fatih,09:00-22:00,Low
Atik Ali Paşa Medresesi,History & Culture,Historical Building,41.0084081,28.9699808,Fatih,09:00-22:00,Low
Bayram Paşa Külliyesi,History & Culture,Historical Building,41.0087737,28.9423415,Fatih,09:00-22:00,Low
Milk Cafe,Dining,Turkish,41.0567731,29.0116228,Beşiktaş,09:00-22:00,Medium
Sazeli Restuarant,Dining,World Cuisine,41.0253555,29.0598568,Ümraniye,09:00-22:00,Medium
Midpoint,Dining,World Cuisine,41.0682271,29.006213,Şişli,09:00-22:00,Medium
Armada Restaurant,Dining,World Cuisine,41.0293902,28.9753473,Beyoğlu,09:00-22:00,Medium
Mr Cook Cafe & Restaurant,Dining,Turkish,41.0107321,28.9748281,Fatih,09:00-22:00,Medium
Kardesler Kebap & Cafe,Dining,Regional,41.031145,28.9824306,Beyoğlu,09:00-22:00,Medium
Parole,Dining,World Cuisine,41.0301695,28.9754487,Beyoğlu,09:00-22:00,Medium
Vera Restaurant Fish & Meat House,Dining,World Cuisine,41.0347532,28.9771463,Beyoğlu,09:00-22:00,Medium
robin's,Dining,World Cuisine,41.0265104,28.9744713,Beyoğlu,09:00-22:00,Medium
Le Safran Restaurant,Dining,World Cuisine,41.0105078,28.978481,Fatih,09:00-22:00,Medium
Ist Cafe,Dining,World Cuisine,41.0360826,28.9832238,Beyoğlu,09:00-22:00,Medium
M&N Cafe Brasserie,Dining,World Cuisine,41.0352325,28.9817456,Beyoğlu,09:00-22:00,Medium
Warung Nusantara,Dining,Indonesian,41.0098845,28.9096582,Zeytinburnu,09:00-22:00,Medium
Bayramoğlu Döner,Dining,World Cuisine,41.0950032,29.0996374,Beykoz,09:00-22:00,Medium
Birlik Kasap Steakpoint,Dining,World Cuisine,41.0950881,29.0985725,Beykoz,09:00-22:00,Medium
Sevda Tepesi,History & Culture,Historical Building,41.075268,29.0653173,Ümraniye,09:00-22:00,Low
Kıyı Emniyeti Tesisi,Dining,World Cuisine,41.0807949,29.0660777,Ümraniye,09:00-22:00,Medium
BigChefs,Dining,World Cuisine,41.0811095,29.0666983,Beykoz,Mo-Su 09:00-00:00,Medium
Otağtepe Parkı,Nature & Park,Park,41.088684,29.077145,Beykoz,09:00-22:00,Low
Güler Restaurant,Dining,World Cuisine,41.0125833,28.9581656,Fatih,09:00-22:00,Medium
Sultan Saray,Dining,Regional,41.0085084,28.9752131,Fatih,09:00-22:00,Medium
Paşa Döner,Dining,World Cuisine,41.0222804,28.9451092,Fatih,09:00-22:00,Medium
Antep Kebab,Dining,World Cuisine,41.0086571,28.9735549,Fatih,09:00-22:00,Medium
Sorriso Restaurant,Dining,World Cuisine,41.0097279,28.9549239,Fatih,09:00-22:00,Medium
Son Osmanli Restaurant,Dining,World Cuisine,41.0154891,28.9417592,Fatih,09:00-22:00,Medium
Sultan Ahmet Fish House,Dining,World Cuisine,41.0099538,28.9759447,Fatih,09:00-22:00,Medium
Yarenler Restaurant,Dining,World Cuisine,41.0090642,28.9755015,Fatih,09:00-22:00,Medium
Saray Döner İskender ve Et Lokantası,Dining,Kebab,41.0040452,29.1438064,Ataşehir,09:00-22:00,Medium
Akdeniz Hatay Sofrasi,Dining,World Cuisine,41.0139081,28.945783,Fatih,09:00-22:00,Medium
Yeni Lokanta,Dining,World Cuisine,41.0295272,28.9754514,Beyoğlu,"Tu-Sa 12:00-16:00, 17:00-00:30",Medium
Sarıhan,Dining,World Cuisine,41.0244276,28.9766419,Beyoğlu,09:00-22:00,Medium
Yare Meyhane,Dining,World Cuisine,41.0301449,28.9744773,Beyoğlu,09:00-22:00,Medium
Yakup 2,Dining,World Cuisine,41.0301078,28.974515,Beyoğlu,09:00-22:00,Medium
Limonlu bahçe,Dining,World Cuisine,41.0314448,28.9786429,Beyoğlu,09:00-22:00,Medium
Sur Cafe,Dining,World Cuisine,41.0311566,28.9362795,Eyüpsultan,09:00-22:00,Medium
Aziyade Restaurant,Dining,Turkish,41.0541473,28.9337587,Eyüp Sultan,09:00-22:00,Medium
Peymane,Dining,World Cuisine,41.0298314,28.97997,Beyoğlu,09:00-22:00,Medium
Define Döner,Dining,World Cuisine,41.0943368,29.0930511,Beykoz,09:00-22:00,Medium
Cezbe Restaurant,Dining,World Cuisine,41.0939827,29.0930696,Beykoz,09:00-22:00,Medium
Lezzet Lokantası,Dining,World Cuisine,41.0152843,28.8964654,Zeytinburnu,09:00-22:00,Medium
Tihame Köfte,Dining,World Cuisine,41.0152175,28.8964872,Zeytinburnu,09:00-22:00,Medium
Süvari Birliği Nalbanthanesi,Other,General,41.1085896,29.0106977,Kağıthane,09:00-22:00,Low
Mavi Melek,Dining,Turkish,41.0301791,28.974439,Beyoğlu,09:00-22:00,Medium
Konsolos,Dining,World Cuisine,41.0306201,28.973433,Beyoğlu,09:00-22:00,Medium
Gritti restaurant,Dining,World Cuisine,41.0302477,28.9745586,Beyoğlu,09:00-22:00,Medium
Cecconis,Dining,World Cuisine,41.0302691,28.9730794,Beyoğlu,09:00-22:00,Medium
Casius,Dining,Turkish,41.030822,28.9831729,Beyoğlu,09:00-22:00,Medium
Aheste,Dining,World Cuisine,41.0291193,28.9730776,Beyoğlu,09:00-22:00,Medium
Baylo,Dining,World Cuisine,41.0292951,28.9730703,Beyoğlu,09:00-22:00,Medium
Duble Meze,Dining,Turkish,41.0306143,28.9736131,Beyoğlu,09:00-22:00,Medium
Hublot Boutique Istanbul,Dining,World Cuisine,41.1101038,29.0320391,Sarıyer,09:00-22:00,Medium
34 Restaurant,Dining,Regional,41.0408587,28.9882667,Beyoğlu,"Mo-Fr 06:30-10:30,12:00-23:00; Sa-Su 6:30-11:00, 12:00-23:00",Medium
Butcha Steakhouse & Marly,Dining,World Cuisine,41.0788238,29.0115384,Şişli,09:00-22:00,Medium
Met-et Döner,Dining,Kebab,41.0352842,29.030375,Üsküdar,09:00-22:00,Medium
Bodrum Mantı,Dining,World Cuisine,41.0728649,29.0281724,Beşiktaş,09:00-22:00,Medium
Et Ekmek Salça,Dining,World Cuisine,41.0717731,29.0286349,Beşiktaş,09:00-22:00,Medium
Pizzeria Ulus,Dining,World Cuisine,41.0717244,29.0285699,Beşiktaş,09:00-22:00,Medium
China Big Box & Sushi,Dining,World Cuisine,41.0734341,29.0293964,Beşiktaş,09:00-22:00,Medium
Kösteci Şaban Usta,Dining,World Cuisine,41.0716874,29.0284791,Beşiktaş,09:00-22:00,Medium
Maydanoz Kebap,Dining,World Cuisine,41.0735772,29.02932,Beşiktaş,09:00-22:00,Medium
Balık Lounge,Dining,World Cuisine,41.0764341,29.025618,Beşiktaş,09:00-22:00,Medium
CookShop,Dining,World Cuisine,41.0763623,29.0260888,Beşiktaş,09:00-22:00,Medium
ZerafEt,Dining,World Cuisine,41.0762753,29.0260512,Beşiktaş,09:00-22:00,Medium
Adanalı Hasan Kolcuoğlu,Dining,World Cuisine,41.0773318,29.0226341,Beşiktaş,09:00-22:00,Medium
مطعم المدينة بوراك,Dining,World Cuisine,41.0754878,29.0182607,Şişli,09:00-22:00,Medium
Namlı Kebap,Dining,World Cuisine,41.0750905,29.0173823,Şişli,09:00-22:00,Medium
Nisp-Et,Dining,World Cuisine,41.0753159,29.0179027,Şişli,09:00-22:00,Medium
Set Kebap,Dining,World Cuisine,41.0760266,29.0195656,Şişli,09:00-22:00,Medium
Tatlıses Kebap,Dining,World Cuisine,41.0763198,29.0203461,Şişli,09:00-22:00,Medium
Köfteci Ramiz,Dining,World Cuisine,41.0764856,29.0164368,Şişli,09:00-22:00,Medium
Konak Restaurant,Dining,World Cuisine,41.0759182,29.0150136,Şişli,09:00-22:00,Medium
Şirvan Kebap,Dining,World Cuisine,41.0760029,29.0149436,Şişli,09:00-22:00,Medium
Köfteci Ramiz,Dining,World Cuisine,41.0772809,29.0278551,Beşiktaş,09:00-22:00,Medium
HD İskender,Dining,Kebab,41.0761394,29.0118322,Şişli,09:00-22:00,Medium
Ahmet Adnan Saygun Heykeli,History & Culture,Historical Building,41.0685915,29.0299016,Beşiktaş,09:00-22:00,Low
Osman Ev Yemekleri,Dining,World Cuisine,41.0723809,29.0282909,Beşiktaş,09:00-22:00,Medium
My Ora Cafe,Dining,World Cuisine,41.071746,29.0284545,Beşiktaş,09:00-22:00,Medium
Median,Dining,World Cuisine,41.0869535,29.0096655,Şişli,09:00-22:00,Medium
Maromi,Dining,Japanese,41.0408809,28.9869964,Beyoğlu,09:00-22:00,High
Fındık Kabuğu Restoran,Dining,World Cuisine,41.0318262,28.9489058,Fatih,09:00-22:00,Medium
Akatlar Kültür Merkezi,Other,General,41.0804147,29.0276006,Beşiktaş,09:00-22:00,Low
AGORA Meyhanesi 1890,Dining,Regional,41.0335372,28.946766,Fatih,12:00-01:00,Medium
Paps,Dining,Italian,41.024596,28.9787373,Beyoğlu,09:00-22:00,Medium
Balıkçı Sabahattin,Dining,Fish;Turkish,41.0047012,28.980572,Fatih,Mo-Su 12:00-02:00,Medium
Kırçiçeği,Dining,World Cuisine,41.0487361,29.0271801,Beşiktaş,09:00-22:00,Medium
Golden Kebap,Dining,World Cuisine,41.0486229,29.0265249,Beşiktaş,09:00-22:00,Medium
Konyali,Dining,World Cuisine,41.0484632,29.0260665,Beşiktaş,09:00-22:00,Medium
Yemen 2 Ocakbasi,Dining,Regional,41.0490341,29.0265437,Beşiktaş,09:00-22:00,Medium
Cengelköy Börekcisi,Dining,World Cuisine,41.0489821,29.0265807,Beşiktaş,09:00-22:00,Medium
Kumrucu Doyum,Dining,Turkish,41.0490662,29.0262514,Beşiktaş,24/7,Medium
Adnan'in In Yeri,Dining,World Cuisine,41.0491071,29.0262243,Beşiktaş,09:00-22:00,Medium
Meshur Bursa Negolkoftelisi,Dining,World Cuisine,41.0498657,29.0254523,Beşiktaş,09:00-22:00,Medium
Constantine's Ark,Dining,Turkish,41.0129631,28.977057,Fatih,Mo-Su 10:00-00:00,Medium
Arch Bistro,Dining,World Cuisine,41.0046271,28.9712651,Fatih,09:00-22:00,Medium
Pizzeria Pera,Dining,"Pizzeria,Pizza,Italian",41.0304618,28.9746567,Beyoğlu,10:30-22:30,Medium
Cihangir Lokantasi,Dining,Local,41.0318041,28.9820472,Beyoğlu,09:00-22:00,Medium
Cihangir Balik,Dining,Fish,41.0315872,28.9826005,Beyoğlu,09:00-22:00,Medium
Nazar Profiterol,Dining,World Cuisine,41.0473791,28.9799119,Beyoğlu,09:00-22:00,Medium
Mikla - Turkey fusion ,Dining,World Cuisine,41.0310866,28.9740165,Beyoğlu,09:00-22:00,Medium
Sinop Mantı,Dining,Turkish,41.04323,29.0037887,Beşiktaş,24/7,Medium
Babylon Bomonti,Dining,World Cuisine,41.0583014,28.980302,Şişli,09:00-22:00,Medium
Öz Kilis Lahmacun ve Kebap,Dining,World Cuisine,41.0217289,28.9445588,Fatih,09:00-22:00,Medium
Fatih Sarmacısı,Dining,World Cuisine,41.0176623,28.9504926,Fatih,09:00-22:00,Medium
Nola,Dining,World Cuisine,41.0249318,28.9734437,Beyoğlu,09:00-22:00,Medium
Kestane Parkı,Nature & Park,Park,41.0357342,28.8498206,Bağcılar,09:00-22:00,Low
Atatürk Anıtı,History & Culture,Historical Building,41.0374102,28.8831962,Esenler,09:00-22:00,Low
Fua,Dining,World Cuisine,41.043355,28.9944181,Beşiktaş,09:00-22:00,Medium
Sakli bahçe et,Dining,World Cuisine,41.1229643,28.7474467,Başakşehir,09:00-22:00,Medium
Kalyon,Dining,World Cuisine,41.0032004,28.9809106,Fatih,09:00-22:00,Medium
Pidepark,Dining,Turkish,41.0494876,29.002199,Beşiktaş,Mo-Su 08:00-23:00,Medium
Zindan baba Türbesi,Other,General,41.0187867,28.9691768,Fatih,09:00-22:00,Low
Tamara,Dining,World Cuisine,41.0039882,28.9760214,Fatih,09:00-22:00,Medium
Köfteci Yusuf,Dining,Turkish,41.0899632,29.286834,Sancaktepe,Mo-Su 06:00-00:00,Medium
Pudding Shop Lale Restaurant,Dining,Soba;Turkish,41.0079808,28.9772457,Fatih,Mo-Su 07:00-23:00,Medium
Chinese & Sushi Express,Dining,World Cuisine,41.028279,29.1891658,Çekmeköy,09:00-22:00,Medium
Kebapçı Çetin Usta,Dining,World Cuisine,41.02591,28.871231,Güngören,09:00-22:00,Medium
Hacıbeyim Kebap,Dining,World Cuisine,41.0158805,28.876395,Güngören,09:00-22:00,Medium
Eski Yemekhane,Dining,World Cuisine,41.0618975,29.0577212,Ümraniye,09:00-22:00,Medium
Nizam Pide,Dining,Regional,41.0495765,28.9874046,Şişli,09:00-22:00,Medium
Tadim Bufe,Dining,World Cuisine,41.0261257,28.9746926,Beyoğlu,09:00-22:00,Medium
Karadeniz,Dining,World Cuisine,41.0084807,28.9750561,Fatih,09:00-22:00,Medium
Fatih Belediyesi,Dining,World Cuisine,41.0310384,28.9394422,Eyüpsultan,09:00-22:00,Medium
BigChefs,Dining,World Cuisine,41.0681526,29.0057003,Şişli,09:00-22:00,Medium
Aras (scam place),Dining,World Cuisine,41.0082844,28.9755302,Fatih,09:00-22:00,Medium
Aruna Cafe & Restaurant,Dining,World Cuisine,41.019297,28.9728911,Beyoğlu,09:00-22:00,Medium
Pepo,Dining,World Cuisine,41.025386,28.9746171,Beyoğlu,09:00-22:00,Medium
Karadeniz pideci,Dining,World Cuisine,41.0306243,28.9742648,Beyoğlu,09:00-22:00,Medium
Falafel & Humus,Dining,World Cuisine,41.008645,28.971502,Fatih,09:00-22:00,Medium
Antiochia,Dining,Mediterranean;Turkish,41.0289764,28.9739429,Beyoğlu,Mo-Sa 12:00-00:00,Medium
Helvacızade,Dining,World Cuisine,41.0056308,28.8593655,Bahçelievler,09:00-22:00,Medium
Çağrı Karadeniz Kebap & Pide Salonu,Dining,World Cuisine,41.0278786,28.9736399,Beyoğlu,09:00-22:00,Medium
Raıf üsta,Dining,World Cuisine,41.0109798,28.9710317,Fatih,09:00-22:00,Medium
22 Restorant Bar,Dining,World Cuisine,41.0326016,28.9855566,Beyoğlu,09:00-22:00,Medium
piknikyeri.com,Dining,World Cuisine,41.1244157,29.2844105,Sancaktepe,09:00-22:00,Medium
Kasap Osman,Dining,World Cuisine,41.0149281,28.9570375,Fatih,09:00-22:00,Medium
Yıldız Sarayı,Other,General,41.0507108,29.0117042,Beşiktaş,09:00-22:00,Low
Alibeyköy Mısır Heykeli,History & Culture,Historical Building,41.0748485,28.9467619,Kağıthane,09:00-22:00,Low
BELTUR Sarı köşk restorant,Dining,World Cuisine,41.1079764,29.0535191,Beykoz,Mo-Su 09:00-22:00,Medium
Roof of Istanbul,Other,General,41.0140264,28.9688121,Fatih,09:00-22:00,Low
Piknik kofte,Dining,Balkan,41.032346,28.9764591,Beyoğlu,Mo-Su 08:00-00:00,Medium
Kanuni Sultan Suleyman 1 Turbesi,History & Culture,Historical Building,41.0156999,28.9644663,Fatih,09:00-22:00,Low
Hurrem Haseki (Roksolana) Turbesi,History & Culture,Historical Building,41.0156683,28.9648085,Fatih,09:00-22:00,Low
Nato Lokantası,Dining,World Cuisine,41.0245338,28.9780075,Beyoğlu,09:00-22:00,Medium
Zeyrek Hane Restaurant,Dining,World Cuisine,41.0196378,28.9578938,Fatih,09:00-22:00,Medium
Molla Gurani Turbesi,Other,General,41.0110693,28.9418324,Fatih,09:00-22:00,Low
Taksim Bahçivan,Dining,Local;Regional;Turkish,41.0360717,28.9802563,Beyoğlu,09:00-22:00,Medium
IBB Halic Sosyal Tesisleri,Dining,World Cuisine,41.0283763,28.9571103,Fatih,09:00-22:00,Medium
IBB Kasimpasa Sosyal Tesisleri,Dining,World Cuisine,41.0297607,28.9667843,Beyoğlu,09:00-22:00,Medium
Memorial to Pope John XXII,History & Culture,Historical Building,41.0322806,28.9767927,Beyoğlu,09:00-22:00,Low
Вeyzade,Dining,World Cuisine,41.0312172,28.9749913,Beyoğlu,09:00-22:00,Medium
Tatmix,Dining,World Cuisine,41.0041246,29.1462608,Çekmeköy,09:00-22:00,Medium
Nur Abla Restoran,Dining,World Cuisine,41.0204632,29.12887,Ümraniye,09:00-22:00,Medium
Saruhan İşkembe Salonu,Dining,World Cuisine,41.0205213,29.1286636,Ümraniye,09:00-22:00,Medium
مطعم كبابجي منطقة  اتيلر,Dining,World Cuisine,41.0790826,29.0314194,Beşiktaş,09:00-22:00,Medium
مطعم The Gounmand في غالاتا,Dining,World Cuisine,41.0265382,28.9752464,Beyoğlu,09:00-22:00,Medium
Belgrad Forest,Dining,World Cuisine,41.1306039,29.0413753,Sarıyer,09:00-22:00,Medium
Yörem Cağ Kebap,Dining,Kebab,41.0943885,29.1016434,Beykoz,09:00-22:00,Medium
Esaslı Şef Meşhur Kuru Fasulye,Dining,Turkish,41.0945224,29.1013037,Beykoz,09:00-22:00,Medium
Köfteci Odabaşlar,Dining,Kebab,41.0946959,29.1008902,Beykoz,09:00-22:00,Medium
Van Kahvaltı Sofrası,Dining,Turkish,41.0948322,29.101281,Beykoz,09:00-22:00,Medium
Anteplioğlu Baklavaları,Dining,World Cuisine,41.0159001,29.1301405,Ümraniye,09:00-22:00,Medium
Öz Anadolu Et Lokantası,Dining,World Cuisine,41.0161256,29.1297699,Ümraniye,09:00-22:00,Medium
Sushi & Spice,Dining,Sushi;Noodle;Asian,41.0425685,29.0028523,Beşiktaş,Mo-Su 11:00-00:00,High
Hacı Abdullah Saray Mutfağı,Dining,World Cuisine,41.0675003,29.0164139,Beşiktaş,09:00-22:00,Medium
مطعم  sultan sofrasi  ششلي,Dining,World Cuisine,41.0617145,28.9864849,Şişli,09:00-22:00,Medium
Oba Restaurant,Dining,World Cuisine,41.0951869,29.053893,Beykoz,09:00-22:00,Medium
NUSR ET STEAKHOUSE,Dining,World Cuisine,41.0805296,29.0335554,Beşiktaş,09:00-22:00,Medium
Gurkan sef stesk house,Dining,World Cuisine,41.0550392,28.9956628,Şişli,Mo-Su 11:30-23:30,Medium
Naz Balık,Dining,World Cuisine,41.0328137,29.1767216,Çekmeköy,09:00-22:00,Medium
Güneş Patso,Dining,Turkish,41.0328055,29.1765253,Çekmeköy,09:00-22:00,Medium
Sütiş Abdullah Ağa Yalısı,Dining,World Cuisine,41.0499917,29.0524494,Üsküdar,09:00-22:00,Medium
Tahin,Dining,World Cuisine,41.0864044,29.0490632,Beşiktaş,09:00-22:00,Medium
Karadeniz Pidecisi Macit Usta,Dining,World Cuisine,41.0512488,29.2400655,Sancaktepe,09:00-22:00,Medium
Atatürk Heykeli,History & Culture,Historical Building,41.0482025,29.2399897,Sancaktepe,09:00-22:00,Low
Keyif restoran,Dining,World Cuisine,41.0086861,29.2130668,Sancaktepe,09:00-22:00,Medium
Çukur Ova Dürümcü,Dining,Kebab,41.009442,29.2121547,Sancaktepe,09:00-22:00,Medium
Zeki Döner,Dining,Steak_House,41.0100794,29.2113106,Sancaktepe,09:00-22:00,High
Narin,Dining,Kebab,41.0100683,29.2113742,Sancaktepe,09:00-22:00,Medium
Emektar Börek,Dining,Turkish,41.0725308,28.8913037,Bayrampaşa,09:00-22:00,Medium
Karadeniz Yemek Salonu,Dining,World Cuisine,41.0724706,28.8889844,Bayrampaşa,09:00-22:00,Medium
Çatak Et Mangal,Dining,World Cuisine,41.0729169,28.8876464,Bayrampaşa,09:00-22:00,Medium
Ada Lezzet Lokantası,Dining,World Cuisine,41.0730295,28.8872672,Bayrampaşa,09:00-22:00,Medium
Has Çiğ Köfte,Dining,World Cuisine,41.0726526,28.8873903,Bayrampaşa,09:00-22:00,Medium
Kolcuoğlu,Dining,Kebab,41.0091371,29.2084932,Sancaktepe,09:00-22:00,Medium
Avliya Boşnak Mutfağı,Dining,World Cuisine,41.0597398,28.8902731,Bayrampaşa,09:00-22:00,Medium
Bizim Döner,Dining,Kebab,41.0115169,29.0388244,Üsküdar,09:00-22:00,Medium
KOŞUYOLU DALYAN,Dining,World Cuisine,41.0115506,29.0389729,Kadıköy,09:00-22:00,Medium
Ustaca Kebap,Dining,World Cuisine,41.0108949,29.0382888,Üsküdar,09:00-22:00,Medium
Wagamama,Dining,Asian,41.0783085,29.0103572,Şişli,09:00-22:00,Medium
sushico,Dining,Japanese,41.0785134,29.011646,Şişli,09:00-22:00,High
BigChefs,Dining,International,41.0784827,29.0118818,Şişli,09:00-22:00,Medium
bilakis,Dining,Turkish,41.0773182,29.0130364,Şişli,09:00-22:00,Medium
köfteci irfan,Dining,Steak_House,41.0929952,29.0868913,Beykoz,09:00-22:00,High
sehil,Dining,Coffee_Shop,41.0930579,29.0871879,Beykoz,09:00-22:00,Medium
Nokta Kebap,Dining,Turkish,41.0933897,29.0896092,Beykoz,09:00-22:00,Medium
paşa döner,Dining,Kebab,41.0936873,29.0914782,Beykoz,09:00-22:00,Medium
közde kebap,Dining,Kebab,41.0943886,29.0883291,Beykoz,09:00-22:00,Medium
tomak döner,Dining,Turkish,41.0928031,29.0856054,Beykoz,09:00-22:00,Medium
gade,Dining,Turkish,41.0925551,29.085971,Beykoz,09:00-22:00,Medium
Sait Efendi,Dining,Turkish,41.0942927,29.0931239,Beykoz,09:00-22:00,Medium
paşa sofrası,Dining,Kebab,41.0948217,29.0887337,Beykoz,09:00-22:00,Medium
Sisore,Dining,Turkish,41.0944427,29.08894,Beykoz,09:00-22:00,Medium
ziya şarküteri,Dining,Regional,41.0944011,29.0916243,Beykoz,09:00-22:00,Medium
İntiba Döner,Dining,Kebab,41.0950481,29.0978305,Beykoz,09:00-22:00,Medium
cuma pazar,Other,General,41.0113817,28.9408685,Fatih,09:00-22:00,Low
Güneydoğu Sofrası,Dining,World Cuisine,41.017141,28.9546538,Fatih,09:00-22:00,Medium
Vegan Istanbul,Dining,Turkish,41.0309878,28.98181,Beyoğlu,09:00-22:00,Medium
Meat Co Steak House,Dining,World Cuisine,41.0807909,29.0348951,Beşiktaş,09:00-22:00,Medium
Egg&Burger,Dining,World Cuisine,41.0316133,28.9832084,Beyoğlu,09:00-22:00,Medium
Kuzguncuk Gazhanesi,History & Culture,Historical Building,41.035972,29.0350237,Üsküdar,09:00-22:00,Low
Ayla Tantuni | istiklal Şb. مطعم,Dining,World Cuisine,41.033833,28.9778329,Beyoğlu,09:00-22:00,Medium
Adana Sofrasi,Dining,World Cuisine,41.059067,28.9320059,Eyüpsultan,09:00-22:00,Medium
Serggea resturant,Dining,World Cuisine,41.0101797,28.9477375,Fatih,09:00-22:00,Medium
Planet Bilardo,Dining,World Cuisine,41.0938121,29.0889419,Beykoz,09:00-22:00,Medium
Kehribar Restaurant,Dining,World Cuisine,41.0939535,29.0890197,Beykoz,09:00-22:00,Medium
pide keyfi,Dining,World Cuisine,41.0940121,29.0903626,Beykoz,09:00-22:00,Medium
angel,Dining,World Cuisine,41.0941839,29.0903733,Beykoz,09:00-22:00,Medium
sultan ahmet köftecisi,Dining,World Cuisine,41.0941536,29.0906442,Beykoz,09:00-22:00,Medium
Gotlar Sütunu,History & Culture,Historical Building,41.0146409,28.9856774,Fatih,09:00-22:00,Low
Nalia,Dining,Regional_Karadeniz_Mutfağı,41.0204638,28.8270115,Bağcılar,09:00-22:00,High
Yemek Kulübü,Dining,World Cuisine,41.0294537,28.9751839,Beyoğlu,09:00-22:00,Medium
Nabu Karakoy,Dining,Italian,41.025256,28.9799279,Beyoğlu,07:00-22:00,Medium
Matbah,Dining,World Cuisine,41.0091035,28.978957,Fatih,09:00-22:00,Medium
Saray Muhallebicis,Dining,World Cuisine,41.0169734,28.973548,Fatih,09:00-22:00,Medium
Eylül Cafe and Restaurant,Dining,World Cuisine,41.0388286,28.984596,Beyoğlu,09:00-22:00,Medium
Old Damascus,Dining,World Cuisine,41.037988,28.976522,Beyoğlu,09:00-22:00,Medium
Aya Nikola Rum Ortodoks Kilisesi,Other,General,41.1206302,29.0684655,Beykoz,09:00-22:00,Low
Surp Hıripsimyans Ermeni Apostok Kilisesi,Other,General,41.159388,29.0396946,Sarıyer,09:00-22:00,Low
Esmer,Dining,Pasta;Pizza,41.0352918,28.9814276,Beyoğlu,09:00-22:00,Medium
Dilruba,Dining,Turkish,41.0322239,29.0292102,Üsküdar,09:00-22:00,Medium
Park Fora,Dining,Seafood,41.0539812,29.0349231,Beşiktaş,Mo-Su 12:00-02:00,Medium
Kristal Ocakbaşı,Dining,Turkish,41.052274,28.9864223,Şişli,09:00-22:00,Medium
Deniz Park,Dining,Seafood,41.1223286,29.071343,Beykoz,08:00-24:00,Medium
Hanedan Et,Dining,Steak_House,41.0415009,29.0083395,Beşiktaş,09:00-22:00,High
Bysteak,Dining,Steak_House,41.109954,29.0410889,Sarıyer,09:00-22:00,High
Gram,Dining,World Cuisine,41.0782835,29.0113787,Şişli,09:00-22:00,Medium
Hz Yuşa Cami,Other,General,41.162287,29.08463,Sarıyer,09:00-22:00,Low
Mangal Keyfi,Dining,World Cuisine,41.0356379,28.9806774,Beyoğlu,09:00-22:00,Medium
Tarihi Sultanahmet Köftecisi Selim Usta,Dining,Turkish,41.008003,28.9769669,Fatih,Mo-Su 10:30-23:00,Medium
Ulubatlı Hasan Parkı,Nature & Park,Park,41.001402,28.8554355,Bahçelievler,09:00-22:00,Low
Arnavutköy Balıkçısı,Dining,World Cuisine,41.0666205,29.0419879,Beşiktaş,Mo-Su 12:00-23:00,Medium
Bahar Country,Dining,World Cuisine,41.1639911,29.0115266,Sarıyer,09:00-22:00,Medium
Gezi Parkı Fıskiye,Other,General,41.0389482,28.9869652,Beyoğlu,09:00-22:00,Low
Cihannuma,Dining,World Cuisine,41.0085551,28.977766,Fatih,09:00-22:00,Medium
Faros Restaurant,Dining,World Cuisine,41.040596,28.9861687,Beyoğlu,09:00-22:00,Medium
Lezzet Co. Döner,Dining,World Cuisine,41.0511315,28.9904785,Şişli,09:00-22:00,Medium
Ala Türk Mutfagi,Dining,Turkish,41.0048416,29.1491455,Çekmeköy,Mo-Sa 09:00-17:00,Medium
Kumkapi Ege,Dining,Regional;Seafood,41.0042058,28.9648578,Fatih,09:00-22:00,Medium
Tarihi Historical Kumkapi Restaurant,Dining,Fish;Local,41.0044406,28.9647853,Fatih,09:00-22:00,Medium
Yeni Köşem Restaurant,Dining,Regional;Seafood,41.0043864,28.9646236,Fatih,09:00-22:00,Medium
Kumkapi Meydan Restaurant,Dining,Regional;Seafood,41.0043505,28.9649139,Fatih,09:00-22:00,Medium
Zanaat,Dining,World Cuisine,41.0296467,28.9793666,Beyoğlu,09:00-22:00,Medium
Olea,Dining,Pizza,41.0319491,28.9782916,Beyoğlu,09:00-22:00,Medium
Onur Ev Yemekleri,Dining,Local,41.0303377,28.9809023,Beyoğlu,09:00-22:00,Medium
Garipçe Reis Balık,Dining,Breakfast;Fish,41.2136606,29.1099847,Sarıyer,09:00-22:00,Medium
Bükücüler Han,History & Culture,Historical Building,41.0096327,29.0143802,Üsküdar,09:00-22:00,Low
Sultan Sarniç Dügün & Davet Organizasyon,Dining,World Cuisine,41.0250309,28.9501608,Fatih,09:00-22:00,Medium
Varuna Gezgin,Dining,International;Turkish,41.0293312,28.9755939,Beyoğlu,08:15-01:00,Medium
Bomontiada,Other,General,41.0583185,28.9808053,Şişli,09:00-22:00,Low
My House,Dining,World Cuisine,41.0349697,28.9847902,Beyoğlu,09:00-22:00,Medium
Hasan Paşa Kulesi,History & Culture,Historical Building,41.2136997,29.107452,Sarıyer,09:00-22:00,Low
Selimiye Hamami,Other,General,41.0103358,29.0166858,Üsküdar,09:00-22:00,Low
Set Balik,Dining,World Cuisine,41.1482785,29.0461517,Sarıyer,09:00-22:00,Medium
Rika,Dining,World Cuisine,41.0303939,28.9834679,Beyoğlu,09:00-22:00,Medium
Laleli,Other,General,41.0086939,28.9557286,Fatih,09:00-22:00,Low
Aziyadé's tomb (Pierre Loti),Other,General,41.0230576,28.9259875,Eyüpsultan,09:00-22:00,Low
Şampiyon Kokoreç,Dining,World Cuisine,41.0338696,28.9778441,Beyoğlu,24/7,Medium
Mavi Sofra,Dining,Turkish;Kebab,41.0358608,28.7913446,Küçükçekmece,09:00-22:00,Medium
Park Night Restaurant,Dining,World Cuisine,41.0259032,29.0709268,üsküdar,09:00-22:00,Medium
Bodos Karadeniz Lokantası,Dining,World Cuisine,41.0277138,28.9740033,Beyoğlu,09:00-22:00,Medium
Terrace Fulya,Other,General,41.0074547,29.0435884,Kadıköy,09:00-22:00,Low
Akin Balık,Dining,Fish,41.0219284,28.9726382,Beyoğlu,09:00-22:00,Medium
Old Ottoman Cafe & Restaurant,Dining,Turkish,41.0107281,28.9754109,Fatih,Mo-Su 12:00-23:00,Medium
Sokak Kahvesi,Dining,Turkish,41.0280326,28.9743093,Beyoğlu,09:00-22:00,Medium
me gusta,Dining,World Cuisine,41.033583,28.9759562,Beyoğlu,09:00-22:00,Medium
Bilice Kebap,Dining,Turkish,41.0300046,28.9748727,Beyoğlu,Mo-Su 10:00-02:00,Medium
Akin Restoran,Dining,World Cuisine,41.0253556,28.9693897,Beyoğlu,09:00-22:00,Medium
Dondurmino Gelato,Dining,World Cuisine,41.0246461,28.9793672,Beyoğlu,09:00-22:00,Medium
Dondurmino Gelato,Dining,World Cuisine,41.0243356,28.9796186,Beyoğlu,09:00-22:00,Medium
DoyDoy Restaurant,Dining,Oriental;Sandwich;Regional;International;Breakfast;Local;Friture;Asian;Pasta;Chicken;Curry;Turkish,41.0040729,28.9754577,Fatih,09:00-22:00,Medium
Az Çok Thai,Dining,World Cuisine,41.0325119,28.981214,Beyoğlu,09:00-22:00,Medium
Hasciġer,Dining,Regional,41.0001076,28.8001764,Küçükçekmece,09:00-22:00,Medium
Çorba kebap,Dining,Regional,41.0001197,28.8005787,Küçükçekmece,09:00-22:00,Medium
Mediva,Dining,Regional,41.0010124,28.8056427,Küçükçekmece,09:00-22:00,Medium
Çolakoğlu Simit,Dining,Turkish;Sandwich;Tea,41.0320936,28.8148511,Bağcılar,Mo-Su 07:00-17:00,Medium
Dos Hermanos,Dining,Turkish,41.003155,28.9754539,Fatih,09:00-22:00,Medium
Cookshop,Dining,World Cuisine,41.0458287,28.8960636,Bayrampaşa,09:00-22:00,Medium
Felinta,Dining,Turkish,41.0006981,28.7991536,Küçükçekmece,09:00-22:00,Medium
İstanbul Emniyet Müdürlüğü Polis Evi Ortaköy Sosyal Tesisleri,Dining,Tea;Turkish;Sandwich;Breakfast;Coffee_Shop,41.0496557,29.0293926,Beşiktaş,Mo-Su 08:00-00:00,Medium
Turkuazoo,Other,General,41.0455958,28.896211,Bayrampaşa,09:00-22:00,Low
Abiye Roof,Dining,World Cuisine,41.0414612,29.0089922,Beşiktaş,09:00-22:00,Medium
Midpoint,Dining,World Cuisine,41.0458033,28.8967645,Bayrampaşa,09:00-22:00,Medium
Askoroz Balikcisi,Dining,World Cuisine,41.0361685,28.9807757,Beyoğlu,09:00-22:00,Medium
Ayios Polieuktos Kilisesi,History & Culture,Historical Building,41.0142319,28.9529591,Fatih,09:00-22:00,Low
Boon Cafe & Restaurant,Dining,World Cuisine,41.0504685,29.052503,Üsküdar,09:00-22:00,Medium
Palet Kebap,Dining,Kebab,41.0021653,28.7996789,Küçükçekmece,09:00-22:00,Medium
Massa Bistro Turkish Kitchen,Dining,Asian;Coffee_Shop;Grill;Kebab;Local;Pasta,41.0085928,28.975164,Fatih,Mo-Su 11:30-00:00,Medium
Liberta Teras,Dining,World Cuisine,41.0323418,28.9778848,Beyoğlu,09:00-22:00,Medium
Dus bahcesi,Dining,Turkish,41.190481,29.2317103,Beykoz,09:00-22:00,Medium
Kübban Gaziantep Mutfağı,Dining,World Cuisine,41.0298009,28.8150557,Bağcılar,09:00-22:00,Medium
2017,Dining,World Cuisine,41.0101744,28.9479964,Fatih,09:00-22:00,Medium
Konya Mevlana,Dining,World Cuisine,41.007635,28.86083,Bahçelievler,09:00-22:00,Medium
Tarihi İskender Kebapçısı,Dining,Turkish,41.0079071,28.8588353,Bahçelievler,Mo-Su 08:00-23:00,Medium
Ewan Restaurant,Dining,Turkish;Kebab,41.0102485,28.9474069,Fatih,08:00-24:00,Medium
Sallora Restaurant,Dining,Dessert,41.011683,28.9472271,Fatih,10:00-22:00,Medium
Aksaray Restaurant,Dining,Turkish;Kebab,41.013466,28.94472,Fatih,08:00-24:00,Medium
Van Restaurant,Dining,Turkish;Kebab,41.0131801,28.9446187,Fatih,08:00-24:00,Medium
Izgara Evi Restuarant,Dining,Arab;Syrian,41.0110287,28.9422637,Fatih,08:00-24:00,Medium
Osmanli Konagi Restuarant,Dining,Turkish;Kebab,41.0110945,28.9416817,Fatih,08:00-24:00,Medium
Lunchbox,Dining,World Cuisine,41.0460078,28.8960983,Bayrampaşa,09:00-22:00,Medium
Domino Cafe,Dining,Turkish;Arab,41.0317756,28.9477735,Fatih,09:00-22:00,Medium
Tarihi Kalkanoğlu Pilavcısı,Dining,Regional,41.0341546,28.9801885,Beyoğlu,09:00-22:00,Medium
Fateh Alhayr resturant,Dining,World Cuisine,41.0129463,28.9386867,Fatih,09:00-22:00,Medium
yemen resturant,Dining,World Cuisine,41.0116471,28.9416063,Fatih,09:00-22:00,Medium
Sallouraoğlu halep sofrası,Dining,World Cuisine,41.0115199,28.942071,Fatih,09:00-22:00,Medium
Şam şerif tatlası,Dining,World Cuisine,41.0114969,28.9421472,Fatih,09:00-22:00,Medium
zirwe sultan resturant,Dining,World Cuisine,41.011344,28.9427297,Fatih,09:00-22:00,Medium
Allüş cafe,Dining,World Cuisine,41.0110166,28.9439989,Fatih,09:00-22:00,Medium
Alnabelsi resturant,Dining,World Cuisine,41.0108884,28.9450398,Fatih,09:00-22:00,Medium
Alqubtan resturants,Dining,World Cuisine,41.0108896,28.9449255,Fatih,09:00-22:00,Medium
Layale Şamiye,Dining,World Cuisine,41.0105357,28.9460091,Fatih,09:00-22:00,Medium
Tarbuş Mutfağı,Dining,World Cuisine,41.0104682,28.9462858,Fatih,09:00-22:00,Medium
Mahrusi resturant,Dining,World Cuisine,41.0104498,28.9463672,Fatih,09:00-22:00,Medium
Elefendi,Dining,World Cuisine,41.0102923,28.9469842,Fatih,Mo-Su 07:00-02:30,Medium
Zeyr ve Zater,Dining,World Cuisine,41.0101917,28.9472264,Fatih,09:00-22:00,Medium
مطعم مندي,Dining,World Cuisine,41.0102466,28.9475656,Fatih,09:00-22:00,Medium
Anas chicken,Dining,World Cuisine,41.01021,28.9475414,Fatih,09:00-22:00,Medium
Sercıya ıstasyonu,Dining,World Cuisine,41.0101734,28.9477351,Fatih,09:00-22:00,Medium
Musul Mutfağı,Dining,World Cuisine,41.0102009,28.9477836,Fatih,09:00-22:00,Medium
Salloraoğlu tatlısı,Dining,World Cuisine,41.0121582,28.9500565,Fatih,09:00-22:00,Medium
Urfa kebap sarayı,Dining,World Cuisine,41.0132862,28.9482427,Fatih,09:00-22:00,Medium
Halil ibrahim şark sofrası,Dining,World Cuisine,41.0127271,28.9483876,Fatih,09:00-22:00,Medium
zarzor iraqlı lokantası,Dining,World Cuisine,41.0121536,28.9493344,Fatih,09:00-22:00,Medium
Acıktım dürüm evi,Dining,World Cuisine,41.0115907,28.9500175,Fatih,09:00-22:00,Medium
Hatay medeniyetler sofrası,Dining,World Cuisine,41.0116884,28.9500532,Fatih,09:00-22:00,Medium
Kardeşler lokantası,Dining,World Cuisine,41.011615,28.9496359,Fatih,09:00-22:00,Medium
Ciğer sarayı,Dining,World Cuisine,41.011675,28.9495555,Fatih,09:00-22:00,Medium
ciğeristan,Dining,World Cuisine,41.0117262,28.9494832,Fatih,09:00-22:00,Medium
Urfalı hacı usta,Dining,World Cuisine,41.0117707,28.9493957,Fatih,09:00-22:00,Medium
taç kebap,Dining,World Cuisine,41.0119305,28.9491661,Fatih,09:00-22:00,Medium
sanliurfa zaman ciger ve kebap salonu,Dining,World Cuisine,41.0123322,28.9483774,Fatih,09:00-22:00,Medium
Gaza Vattan Felafel,Dining,World Cuisine,41.013068,28.9473426,Fatih,09:00-22:00,Medium
Anadolu Büfe,Dining,World Cuisine,41.0143606,28.9460913,Fatih,09:00-22:00,Medium
Halep restaurant,Dining,World Cuisine,41.0131167,28.9472371,Fatih,09:00-22:00,Medium
Urfa zaman ciğer ve kebep,Dining,World Cuisine,41.0134268,28.9466701,Fatih,09:00-22:00,Medium
Pilavcı Kardeşler,Dining,World Cuisine,41.0137146,28.946067,Fatih,09:00-22:00,Medium
Akdeniz Hatay Sofrası,Dining,World Cuisine,41.0138303,28.9457377,Fatih,09:00-22:00,Medium
Evim Iskender Kebap,Dining,World Cuisine,41.0158344,28.9396566,Fatih,09:00-22:00,Medium
Asmaaltı Dürümc,Dining,World Cuisine,41.0157049,28.9398336,Fatih,09:00-22:00,Medium
Flavory Restaurant,Dining,World Cuisine,41.0102728,28.9473224,Fatih,09:00-22:00,Medium
Bizim Durum kebap Salonu,Dining,World Cuisine,41.0122213,28.9414554,Fatih,09:00-22:00,Medium
Dürümcü Haşim Usta,Dining,World Cuisine,41.0128234,28.9444674,Fatih,09:00-22:00,Medium
Kasem Abu Alkas Lokantası,Dining,World Cuisine,41.0130227,28.9444071,Fatih,09:00-22:00,Medium
Sit Elşam Pasta,Dining,World Cuisine,41.0111352,28.9476839,Fatih,09:00-22:00,Medium
Saniyora Tatlası,Dining,World Cuisine,41.0116211,28.9472787,Fatih,09:00-22:00,Medium
Çitir Lahmacun,Dining,World Cuisine,41.0116469,28.9472443,Fatih,09:00-22:00,Medium
Deniz Ürünleri restoranı,Dining,World Cuisine,41.0116858,28.9469698,Fatih,09:00-22:00,Medium
Taehan Uygur Restoranı,Dining,World Cuisine,41.0127272,28.9452587,Fatih,09:00-22:00,Medium
Pilavci Resat,Dining,World Cuisine,41.0134913,28.944638,Fatih,09:00-22:00,Medium
Razzak resturan,Dining,World Cuisine,41.0146401,28.9428497,Fatih,09:00-22:00,Medium
Bereket Döner,Dining,World Cuisine,41.0156381,28.9522576,Fatih,09:00-22:00,Medium
Pihlivan Lokantası,Dining,World Cuisine,41.0164274,28.9508387,Fatih,09:00-22:00,Medium
Sultan Resturant,Dining,World Cuisine,41.0102566,28.9467645,Fatih,09:00-22:00,Medium
Aksaray Börek,Dining,World Cuisine,41.0106312,28.9514236,Fatih,09:00-22:00,Medium
63 Metro Pide,Dining,World Cuisine,41.0105156,28.9514409,Fatih,09:00-22:00,Medium
Paçacı Hasan,Dining,World Cuisine,41.0103477,28.951465,Fatih,09:00-22:00,Medium
Nergis Saray,Dining,World Cuisine,41.01029,28.951453,Fatih,09:00-22:00,Medium
Yücel Unlu Mamulleri,Dining,World Cuisine,41.0225292,28.9597418,Fatih,09:00-22:00,Medium
Salihpaşa Börek Fırını,Dining,World Cuisine,41.0225545,28.9596867,Fatih,09:00-22:00,Medium
Şafak Et Lokantası,Dining,World Cuisine,41.0223129,28.959875,Fatih,09:00-22:00,Medium
Meşhur Unkapanı Pilavcısı,Dining,World Cuisine,41.0219404,28.9598702,Fatih,09:00-22:00,Medium
Jing ya Tang Restaurant,Dining,World Cuisine,41.0190956,28.9578128,Fatih,09:00-22:00,Medium
Meşhur Unkapanı Pilavcısı,Dining,World Cuisine,41.0202882,28.9587595,Fatih,09:00-22:00,Medium
Zeyrek Cafe Restaurant,Dining,World Cuisine,41.0205474,28.9588929,Fatih,09:00-22:00,Medium
Kumpir ve Waffle,Dining,World Cuisine,41.0234677,28.9604728,Fatih,09:00-22:00,Medium
Osman Oglu Kebap,Dining,World Cuisine,41.0235841,28.9604911,Fatih,09:00-22:00,Medium
Sur Balık,Dining,World Cuisine,41.0256976,28.9589528,Fatih,09:00-22:00,Medium
Cibalikapı Balıkçısı Haliç,Dining,World Cuisine,41.0258428,28.9589207,Fatih,09:00-22:00,Medium
Şeyh Ahmet Buhara Türbesi,Other,General,41.0231601,28.9602598,Fatih,09:00-22:00,Low
Umut ev yemekleri,Dining,World Cuisine,41.0246293,28.9585264,Fatih,09:00-22:00,Medium
Balaturca,Dining,World Cuisine,41.0261412,28.9585648,Fatih,09:00-22:00,Medium
Öz Dürüm,Dining,World Cuisine,41.0246903,28.9580795,Fatih,09:00-22:00,Medium
Meşhur Sarıyer börekçisi,Dining,World Cuisine,41.0277935,28.9552412,Fatih,09:00-22:00,Medium
Balcafe ve Restaurant,Dining,World Cuisine,41.0265797,28.9580524,Fatih,09:00-22:00,Medium
Karagöz Zorba,Dining,World Cuisine,41.027285,28.9570072,Fatih,09:00-22:00,Medium
Cibali Vasilis Balıkçısı,Dining,World Cuisine,41.0272774,28.9569941,Fatih,09:00-22:00,Medium
Meyhani,Dining,World Cuisine,41.0273859,28.9569095,Fatih,09:00-22:00,Medium
Perispri,Dining,World Cuisine,41.0286531,28.9530554,Fatih,09:00-22:00,Medium
Uğur Pastaneleri,Dining,World Cuisine,41.0237137,28.9546301,Fatih,09:00-22:00,Medium
Bahçivan Fırını,Dining,World Cuisine,41.0237977,28.9546597,Fatih,09:00-22:00,Medium
Seyyit Velayet Türbesi,Other,General,41.0238481,28.954732,Fatih,09:00-22:00,Low
Panayia Belgradu Kilisesi,Other,General,41.0001135,28.9219792,Fatih,09:00-22:00,Low
Rize Odun Ekmeği,Dining,World Cuisine,41.0267429,28.9558852,Fatih,09:00-22:00,Medium
Gökkuşağı Meze Ve Ev Yemekler,Dining,World Cuisine,41.0269097,28.9553922,Fatih,09:00-22:00,Medium
Hasan Usta,Dining,World Cuisine,41.0264685,28.9555457,Fatih,09:00-22:00,Medium
Yilmazlar Lokantasi,Dining,World Cuisine,41.0260565,28.9555086,Fatih,09:00-22:00,Medium
Aşkın Restoran,Dining,World Cuisine,41.0260176,28.9554409,Fatih,09:00-22:00,Medium
Kömür Lokantası,Dining,World Cuisine,41.0260343,28.9561299,Fatih,09:00-22:00,Medium
Tarihi Börek,Dining,World Cuisine,41.0259923,28.9562445,Fatih,09:00-22:00,Medium
Öz Mostar,Dining,World Cuisine,41.0259178,28.9568969,Fatih,09:00-22:00,Medium
Köfteci Ömer Usta,Dining,World Cuisine,41.0258727,28.9570203,Fatih,09:00-22:00,Medium
Ensar Aile Börek Salonu,Dining,World Cuisine,41.0246941,28.9548624,Fatih,09:00-22:00,Medium
Pide salon,Dining,World Cuisine,41.0340823,28.9810111,Beyoğlu,09:00-22:00,Medium
Yunca Büfe,Dining,World Cuisine,41.0041672,28.9347612,Fatih,09:00-22:00,Medium
Maydanoz,Dining,World Cuisine,41.0033378,28.9364192,Fatih,09:00-22:00,Medium
Can Pide Börek,Dining,World Cuisine,41.0027462,28.9367237,Fatih,09:00-22:00,Medium
Hasanoğlu Börek Pasta ve Cafe,Dining,World Cuisine,41.0028365,28.9367131,Fatih,09:00-22:00,Medium
Samatya Ocakbasi,Dining,World Cuisine,41.0002548,28.9327109,Fatih,09:00-22:00,Medium
Günbilir Balık Restaurant,Dining,World Cuisine,41.0000585,28.9322616,Fatih,09:00-22:00,Medium
Sedir Et ve Balık,Dining,World Cuisine,41.0000049,28.9324695,Fatih,09:00-22:00,Medium
Helena Çak Stone,Dining,World Cuisine,41.000186,28.931873,Fatih,09:00-22:00,Medium
Mevlana Pide,Dining,World Cuisine,41.0011764,28.9337512,Fatih,09:00-22:00,Medium
Meşhur Samatya pilavcısı,Dining,World Cuisine,41.0020968,28.9365274,Fatih,09:00-22:00,Medium
Tunyalı Ocakbaşı ve Kababı,Dining,World Cuisine,41.002036,28.9363311,Fatih,09:00-22:00,Medium
Dostlar Büfe ve Köfte,Dining,World Cuisine,41.0019479,28.9359644,Fatih,09:00-22:00,Medium
Meşhur Tekirdağ Köftecisi,Dining,World Cuisine,41.0014535,28.9349103,Fatih,09:00-22:00,Medium
Doyum Kebap Ve Dürüm Salonu,Dining,World Cuisine,41.001284,28.9345079,Fatih,09:00-22:00,Medium
Meşhur Samatya Bilavcısı,Dining,World Cuisine,41.0007418,28.9328639,Fatih,09:00-22:00,Medium
Samatya börek ve pide,Dining,World Cuisine,41.0019471,28.9358029,Fatih,09:00-22:00,Medium
Şölen Ocakbaşı,Dining,World Cuisine,41.0001381,28.9318077,Fatih,09:00-22:00,Medium
Öz Ağam Kebap Lahmacun Salonu,Dining,World Cuisine,41.0022585,28.936811,Fatih,09:00-22:00,Medium
Meşhur Sarıyer Börekçisi,Dining,World Cuisine,41.0022341,28.9367459,Fatih,09:00-22:00,Medium
Yörem urfa taş fırnı,Dining,World Cuisine,41.0033956,28.9324967,Fatih,09:00-22:00,Medium
Çevre Kebap,Dining,World Cuisine,41.0036105,28.9318834,Fatih,09:00-22:00,Medium
Valide Kebap ve Lahmacun Salonu,Dining,World Cuisine,41.0035214,28.9318186,Fatih,09:00-22:00,Medium
Kırımlı Çibörek,Dining,World Cuisine,41.0034806,28.9318477,Fatih,09:00-22:00,Medium
Şafak pide ve lahmacun,Dining,World Cuisine,41.0034466,28.931286,Fatih,09:00-22:00,Medium
Her Telden Çılgın Kebapçı,Dining,World Cuisine,41.0035024,28.9312611,Fatih,09:00-22:00,Medium
Urfalı çıtır kadir lahmacun pide,Dining,World Cuisine,41.0033044,28.9307078,Fatih,09:00-22:00,Medium
Aziz Urfa Kebap ve Lahmacun Salonu,Dining,World Cuisine,41.0032234,28.9307352,Fatih,09:00-22:00,Medium
Kardeşler Yufkacısı,Dining,World Cuisine,41.0021616,28.9306013,Fatih,09:00-22:00,Medium
Ay Büfe,Dining,World Cuisine,41.0018061,28.9300276,Fatih,09:00-22:00,Medium
Başlangıç Lokantası,Dining,World Cuisine,41.0002128,28.9311876,Fatih,09:00-22:00,Medium
Özgul börek,Dining,World Cuisine,41.0000479,28.9313967,Fatih,09:00-22:00,Medium
Teyzemin Mutfağı,Dining,World Cuisine,41.0032422,28.9350399,Fatih,09:00-22:00,Medium
Duygu Ocakbaşı,Dining,World Cuisine,41.0180289,28.9511911,Fatih,09:00-22:00,Medium
Köşebaşı Maslak,Dining,World Cuisine,41.1087269,29.018142,Kağıthane,09:00-22:00,Medium
Pecos,Dining,World Cuisine,41.108609,29.0167882,Kağıthane,09:00-22:00,Medium
Big Chefs,Dining,World Cuisine,41.1084736,29.0198969,Kağıthane,09:00-22:00,Medium
Yeşimin Mutfağından Ev Yemekleri,Dining,World Cuisine,41.0040164,28.9441983,Fatih,09:00-22:00,Medium
Kardeş büfe,Dining,World Cuisine,41.0041187,28.944058,Fatih,09:00-22:00,Medium
Ahtım Köfte ve Ev Yemekleri,Dining,World Cuisine,41.0043925,28.9438623,Fatih,09:00-22:00,Medium
Büfe köfte,Dining,World Cuisine,41.004985,28.9434166,Fatih,09:00-22:00,Medium
Damak Kebap Döner Yemek Salonu,Dining,World Cuisine,41.0051227,28.9432957,Fatih,09:00-22:00,Medium
Çeşm-İ Cİhan Ev Yemeklerİ,Dining,World Cuisine,41.0053389,28.9431403,Fatih,09:00-22:00,Medium
Ciğerci Kemal Ustanin Yeri,Dining,World Cuisine,41.0043015,28.9448334,Fatih,09:00-22:00,Medium
Can Pide Ve Lahmacun Fırını,Dining,World Cuisine,41.0046911,28.9449746,Fatih,09:00-22:00,Medium
Meshur Langa Borekcisi,Dining,World Cuisine,41.0046131,28.9451035,Fatih,09:00-22:00,Medium
Urfa Kebap Ve Lahmacun Salonu,Dining,World Cuisine,41.0067972,28.9466885,Fatih,09:00-22:00,Medium
Umut Börek,Dining,World Cuisine,41.0068405,28.9467906,Fatih,09:00-22:00,Medium
Tarihi Sariyer Börekçisi,Dining,World Cuisine,41.006326,28.9500799,Fatih,09:00-22:00,Medium
Şanlı et lokantası,Dining,World Cuisine,41.0069483,28.9487543,Fatih,09:00-22:00,Medium
Berat döner,Dining,World Cuisine,41.0069382,28.9489563,Fatih,09:00-22:00,Medium
Sarıyer börekçisi,Dining,World Cuisine,41.0069483,28.9492659,Fatih,09:00-22:00,Medium
Can ocakbaşı,Dining,World Cuisine,41.0069687,28.9496563,Fatih,09:00-22:00,Medium
Hacı kral mutfağı,Dining,World Cuisine,41.0066029,28.9515142,Fatih,09:00-22:00,Medium
Çömçe et lokantası,Dining,World Cuisine,41.0077079,28.9515453,Fatih,09:00-22:00,Medium
Nuri usta baklava,Dining,World Cuisine,41.007653,28.950284,Fatih,09:00-22:00,Medium
Casablanca resataurant,Dining,World Cuisine,41.0072693,28.9515538,Fatih,09:00-22:00,Medium
Eyfel hotelium cafe and restaurant,Dining,World Cuisine,41.0076672,28.9492517,Fatih,09:00-22:00,Medium
Bilican saray,Dining,World Cuisine,41.0076471,28.9487993,Fatih,09:00-22:00,Medium
Giorgi,Dining,World Cuisine,41.0076667,28.9485581,Fatih,09:00-22:00,Medium
Suffa Et Ve Kebap,Dining,World Cuisine,41.0080093,28.9500539,Fatih,09:00-22:00,Medium
Kükrük,Dining,World Cuisine,41.0091562,28.9486244,Fatih,09:00-22:00,Medium
Aksaray Mangal,Dining,World Cuisine,41.0090765,28.9484338,Fatih,09:00-22:00,Medium
Tat Köfte,Dining,World Cuisine,41.0090499,28.94834,Fatih,09:00-22:00,Medium
Kerim ustanın mutfağı,Dining,World Cuisine,41.0089603,28.9480991,Fatih,09:00-22:00,Medium
Doyum Lokantası,Dining,World Cuisine,41.008821,28.9476288,Fatih,09:00-22:00,Medium
Metin Usta Baklava,Dining,World Cuisine,41.0082529,28.9459932,Fatih,09:00-22:00,Medium
Ustam Kebap Dünyası,Dining,World Cuisine,41.0076906,28.9440999,Fatih,09:00-22:00,Medium
Çıtır pide lahmacun,Dining,World Cuisine,41.0073633,28.9429455,Fatih,09:00-22:00,Medium
Tarihi Cerrahpaşa Köftecisi Mesut Usta,Dining,World Cuisine,41.0073204,28.9428404,Fatih,09:00-22:00,Medium
Müslüm Usta Has Urfa 63,Dining,World Cuisine,41.0072062,28.9425882,Fatih,09:00-22:00,Medium
Hatay İkizler Tatlıcısı,Dining,World Cuisine,41.0070276,28.9422803,Fatih,09:00-22:00,Medium
Özgül Börek Salonu,Dining,World Cuisine,41.0069583,28.9421295,Fatih,09:00-22:00,Medium
Köfteci Ramiz,Dining,World Cuisine,41.0639658,28.9881483,Şişli,09:00-22:00,Medium
Kırımlı Çıbörek Bın Yıllık Lezzet,Dining,World Cuisine,41.0200578,28.9321032,Fatih,09:00-22:00,Medium
Küçük Ev,Dining,World Cuisine,41.0198984,28.9322536,Fatih,09:00-22:00,Medium
ETNA EV YEMEKLERI,Dining,World Cuisine,41.0195202,28.9319703,Fatih,09:00-22:00,Medium
Turkuaz Ev Yemekleri,Dining,World Cuisine,41.0194525,28.9322013,Fatih,09:00-22:00,Medium
ASRIN PASTANESi,Dining,World Cuisine,41.0194153,28.9319879,Fatih,09:00-22:00,Medium
Ferda Börek Salonu,Dining,World Cuisine,41.0168992,28.9311752,Fatih,09:00-22:00,Medium
Çağrı köfte ve döner,Dining,World Cuisine,41.0193112,28.9323347,Fatih,09:00-22:00,Medium
Kul Sofrası,Dining,World Cuisine,41.0207153,28.9328844,Fatih,09:00-22:00,Medium
Yılmaz Lokantası,Dining,World Cuisine,41.0214317,28.9272187,Fatih,09:00-22:00,Medium
Meydan Lokantası,Dining,World Cuisine,41.0212831,28.9274414,Fatih,09:00-22:00,Medium
Gaziantep Ocakbaşı Topkapı,Dining,World Cuisine,41.0212393,28.9274761,Fatih,09:00-22:00,Medium
Dersaadet,Dining,Fish,41.0215841,28.9744656,Beyoğlu,09:00-22:00,Medium
Damak lokantası,Dining,World Cuisine,41.0202016,28.9283086,Fatih,09:00-22:00,Medium
Damak lokantası,Dining,World Cuisine,41.0202213,28.928315,Fatih,09:00-22:00,Medium
Konak Lokantası,Dining,World Cuisine,41.0202748,28.9283172,Fatih,09:00-22:00,Medium
Canip Ustanın Yeri,Dining,World Cuisine,41.0200929,28.9278849,Fatih,09:00-22:00,Medium
Lokanta 53,Dining,World Cuisine,41.0199626,28.9278922,Fatih,09:00-22:00,Medium
Kebapçı Murat,Dining,World Cuisine,41.0197759,28.9278594,Fatih,09:00-22:00,Medium
Bereket Döner Topkapı Kaleiçi,Dining,World Cuisine,41.019768,28.9282502,Fatih,09:00-22:00,Medium
Tarihi ULUSOY PASTA BÖREKÇİSİ,Dining,World Cuisine,41.0196375,28.9282184,Fatih,09:00-22:00,Medium
HATAY OCAKBAŞI RESTAURANT,Dining,World Cuisine,41.0176248,28.9292601,Fatih,09:00-22:00,Medium
İkinci Adres Restoran Pub,Dining,World Cuisine,41.0168516,28.9306397,Fatih,09:00-22:00,Medium
Galatea altin,Dining,Fish,41.0214346,28.974378,Beyoğlu,09:00-22:00,Medium
Galata Olympus,Dining,World Cuisine,41.0212839,28.9742883,Beyoğlu,09:00-22:00,Medium
Marmara Balık,Dining,Fish,41.0209369,28.974044,Beyoğlu,09:00-22:00,Medium
Zeno,Dining,World Cuisine,41.0205378,28.9737096,Beyoğlu,09:00-22:00,Medium
Neptün Balık,Dining,Fish,41.0208396,28.9739422,Beyoğlu,09:00-22:00,Medium
Saray,Dining,World Cuisine,41.0206957,28.9738541,Beyoğlu,09:00-22:00,Medium
Daphne restaurant,Dining,World Cuisine,41.0120239,28.9580012,Fatih,09:00-22:00,Medium
Venezia restaurant,Dining,World Cuisine,41.0120943,28.957386,Fatih,09:00-22:00,Medium
Diana Restaurant,Dining,World Cuisine,41.011648,28.9571256,Fatih,09:00-22:00,Medium
Gaziantep Restaurant,Dining,World Cuisine,41.0117948,28.9538187,Fatih,09:00-22:00,Medium
Tostçu İbrahim,Dining,World Cuisine,41.017846,28.9542844,Fatih,09:00-22:00,Medium
Tekbir Pide Lahmacun Salonu,Dining,World Cuisine,41.0177228,28.9541774,Fatih,09:00-22:00,Medium
Hacielaziz Çiğköfte,Dining,World Cuisine,41.0173373,28.9533904,Fatih,09:00-22:00,Medium
Fatih Damak Pide,Dining,World Cuisine,41.0163739,28.9524882,Fatih,09:00-22:00,Medium
Lezzet Gurme,Dining,World Cuisine,41.0172163,28.952056,Fatih,09:00-22:00,Medium
Salih Usta Çiğköfteci,Dining,World Cuisine,41.0208369,28.9522514,Fatih,09:00-22:00,Medium
Tarihi Kismet Pidecisi,Dining,World Cuisine,41.0203944,28.951868,Fatih,09:00-22:00,Medium
Tarihi Fatih Murat Pidecisi,Dining,World Cuisine,41.0190811,28.953216,Fatih,09:00-22:00,Medium
Jing Ya Tang Restaurant,Dining,World Cuisine,41.0191018,28.9577466,Fatih,09:00-22:00,Medium
Güven Ocakbaşı,Dining,World Cuisine,41.0171651,28.9557636,Fatih,09:00-22:00,Medium
Sur Ocakbaşı,Dining,World Cuisine,41.0172902,28.9548596,Fatih,09:00-22:00,Medium
Bahçıvan 2 Pide Lavaş Fırını,Dining,World Cuisine,41.0169673,28.9554297,Fatih,09:00-22:00,Medium
Fatih Sur Börekçisi,Dining,World Cuisine,41.0168814,28.9555386,Fatih,09:00-22:00,Medium
Paşa Broasted,Dining,World Cuisine,41.0174702,28.9539293,Fatih,09:00-22:00,Medium
Güneydoğu Sofrası,Dining,World Cuisine,41.0171483,28.9547424,Fatih,09:00-22:00,Medium
Göktaş Branda,Dining,World Cuisine,41.0167464,28.9553714,Fatih,09:00-22:00,Medium
Fatih Karadeniz Pidecisi,Dining,World Cuisine,41.0167242,28.9524059,Fatih,09:00-22:00,Medium
Dodo,Dining,World Cuisine,41.0253395,28.9403003,Fatih,09:00-22:00,Medium
Ağa Türk Mutfağı,Dining,World Cuisine,41.0252889,28.9403433,Fatih,09:00-22:00,Medium
Meydan restaurant,Dining,World Cuisine,41.0243015,28.941679,Fatih,09:00-22:00,Medium
Gül Evi Restaurant,Dining,World Cuisine,41.0220027,28.9442968,Fatih,09:00-22:00,Medium
Tabia Restaurant,Dining,World Cuisine,41.0218549,28.9440528,Fatih,09:00-22:00,Medium
Köroğlu Et Lokantası,Dining,World Cuisine,41.0212135,28.9429638,Fatih,09:00-22:00,Medium
Akşemsettin Balık Lokantası,Dining,World Cuisine,41.0210495,28.9426741,Fatih,09:00-22:00,Medium
Tarihi Özkan Köftecisi,Dining,World Cuisine,41.0209747,28.9425614,Fatih,09:00-22:00,Medium
Buuzecedi,Dining,World Cuisine,41.020833,28.9422825,Fatih,09:00-22:00,Medium
Hadramot Yemeni Restaurant,Dining,World Cuisine,41.0205295,28.9417997,Fatih,09:00-22:00,Medium
Happy Chicken,Dining,World Cuisine,41.0204121,28.9415851,Fatih,09:00-22:00,Medium
Mazaj Restaurant,Dining,World Cuisine,41.0197159,28.940421,Fatih,09:00-22:00,Medium
Dunya Dürüm,Dining,World Cuisine,41.0162452,28.9523274,Fatih,09:00-22:00,Medium
Şanlar Pastneleri,Dining,World Cuisine,41.0265212,28.9474243,Fatih,09:00-22:00,Medium
Yuvam Restaurant,Dining,World Cuisine,41.0245321,28.9419928,Fatih,09:00-22:00,Medium
Rumeli Dondurma,Dining,World Cuisine,41.0235143,28.9434144,Fatih,mo-su 09:00-21:00,Medium
2 Lokma,Dining,World Cuisine,41.0142325,28.9348384,Fatih,09:00-22:00,Medium
Altınkapı Restaurant,Dining,Kebab,41.0154054,28.932471,Fatih,Mo-Su 11:00-23:00,Medium
Cihan Derya Balık,Dining,Fish,41.0123182,28.9316711,Fatih,09:00-22:00,Medium
Tad Et & İzgara,Dining,World Cuisine,41.0130825,28.9277502,Fatih,09:00-22:00,Medium
Palukçu Restaurant,Dining,World Cuisine,41.0160388,28.9302206,Fatih,09:00-22:00,Medium
Kilis Sofrası,Dining,World Cuisine,41.0041948,28.9277433,Fatih,09:00-22:00,Medium
Doğan Kardeşler Börek Salonu,Dining,World Cuisine,41.0049932,28.9267794,Fatih,09:00-22:00,Medium
Ali Usta,Dining,World Cuisine,41.0065578,28.9249251,Fatih,09:00-22:00,Medium
Meşhur Sarıyer Börekçisi,Dining,World Cuisine,41.006685,28.9317761,Fatih,09:00-22:00,Medium
Çeşni Yöresel Gıdalar,Dining,World Cuisine,41.0067107,28.9317326,Fatih,09:00-22:00,Medium
Şölen Pastaneleri,Dining,World Cuisine,41.0067094,28.9315225,Fatih,09:00-22:00,Medium
Silivri Kapı Balıkçısı,Dining,World Cuisine,41.0070788,28.9302036,Fatih,09:00-22:00,Medium
Gaziantep Kilis Kebap ve Lahmacun,Dining,World Cuisine,41.0066861,28.9246776,Fatih,09:00-22:00,Medium
Paşa Pilavcısı,Dining,World Cuisine,41.0036551,28.9307042,Fatih,09:00-22:00,Medium
Senl,Dining,World Cuisine,41.0062622,28.9309925,Fatih,09:00-22:00,Medium
Kırık Çatal,Dining,World Cuisine,41.0063033,28.9310515,Fatih,09:00-22:00,Medium
Meşhur Pilavcı Celal Usta,Dining,World Cuisine,41.0055868,28.9296303,Fatih,09:00-22:00,Medium
Develi Pidecisi,Dining,World Cuisine,41.0047432,28.9283815,Fatih,09:00-22:00,Medium
Pilavcı Celal Usta,Dining,World Cuisine,41.0040966,28.9284084,Fatih,09:00-22:00,Medium
Star Ocakbaşı ve Pub,Dining,World Cuisine,41.0085115,28.9489536,Fatih,09:00-22:00,Medium
Mis Köfte,Dining,World Cuisine,41.0087695,28.9488007,Fatih,09:00-22:00,Medium
Çığır lahmacun,Dining,World Cuisine,41.0087732,28.948706,Fatih,09:00-22:00,Medium
Huzur Uygur Mufatğı,Dining,World Cuisine,41.0078428,28.9487728,Fatih,09:00-22:00,Medium
Kebabçım,Dining,World Cuisine,41.0071872,28.9486953,Fatih,09:00-22:00,Medium
Büyük Günaydın Kelle Paça Salonu,Dining,World Cuisine,41.0074222,28.9492248,Fatih,09:00-22:00,Medium
Sams arap yemekleri,Dining,World Cuisine,41.0088529,28.9493344,Fatih,09:00-22:00,Medium
Divan Antep,Dining,World Cuisine,41.0082197,28.9496122,Fatih,09:00-22:00,Medium
Ana yurt lokantası,Dining,World Cuisine,41.008216,28.9494985,Fatih,09:00-22:00,Medium
Gaziantepli,Dining,World Cuisine,41.0082118,28.9492431,Fatih,09:00-22:00,Medium
Fatih Çitir Pide,Dining,World Cuisine,41.0193901,28.9550798,Fatih,09:00-22:00,Medium
Istiklal Marsi,History & Culture,Historical Building,41.0079266,28.9752446,Fatih,09:00-22:00,Low
Urfalım Kebap,Dining,World Cuisine,41.0145087,28.9761859,Fatih,09:00-22:00,Medium
Şirin Köfte Kebap Döner Salonu,Dining,World Cuisine,41.0146346,28.9763016,Fatih,09:00-22:00,Medium
Bonos Cafe Restoran,Dining,World Cuisine,41.0145073,28.9763613,Fatih,09:00-22:00,Medium
Onbaşılar Dürümcü,Dining,World Cuisine,41.0143874,28.9764532,Fatih,09:00-22:00,Medium
Class Rest ve Pide Salonu,Dining,World Cuisine,41.0142812,28.9763326,Fatih,09:00-22:00,Medium
Neyzade Restaurant,Dining,World Cuisine,41.0127977,28.9784282,Fatih,09:00-22:00,Medium
Blu Kitchen,Dining,World Cuisine,41.0126145,28.978131,Fatih,09:00-22:00,Medium
Capadocia Restaurant,Dining,World Cuisine,41.0129646,28.9779157,Fatih,09:00-22:00,Medium
Red River Pub,Dining,World Cuisine,41.0134842,28.9774524,Fatih,09:00-22:00,Medium
Ana Sofrası,Dining,World Cuisine,41.0137115,28.9775087,Fatih,09:00-22:00,Medium
Mandy Resturant,Dining,World Cuisine,41.0141062,28.9770118,Fatih,09:00-22:00,Medium
Trabzon Lokantası,Dining,World Cuisine,41.0139592,28.9777087,Fatih,09:00-22:00,Medium
Şöhret Köftecisi,Dining,World Cuisine,41.0134584,28.9782517,Fatih,09:00-22:00,Medium
Ney Ocakbaşı,Dining,World Cuisine,41.0137778,28.9783775,Fatih,09:00-22:00,Medium
Galata Fish & Kebab Restaurant,Dining,World Cuisine,41.0143288,28.9768514,Fatih,09:00-22:00,Medium
Sirkeci Restaurant,Dining,World Cuisine,41.0144853,28.9771223,Fatih,09:00-22:00,Medium
Old City Garden Restaurant,Dining,World Cuisine,41.0141767,28.9784254,Fatih,09:00-22:00,Medium
II. Abdülhamit Çeşmesi,Other,General,41.0147801,28.9790412,Fatih,09:00-22:00,Low
Köfteci Yusuf,Dining,Turkish,41.0165387,28.9791469,Fatih,09:00-22:00,Medium
Terrace Restaurant,Dining,World Cuisine,41.0119594,28.9779749,Fatih,09:00-22:00,Medium
Olive Anatolian Restaurant,Dining,World Cuisine,41.0124684,28.9777986,Fatih,09:00-22:00,Medium
Sultan Spa and Wellness Center,Other,General,41.0123762,28.977568,Fatih,09:00-22:00,Low
New Hatay Restaurant,Dining,Turkish,41.0127468,28.9776226,Fatih,09:00-22:00,Medium
Dejavu Restaurant and Bar,Dining,World Cuisine,41.012803,28.977686,Fatih,09:00-22:00,Medium
Enjoy Pub Restaurant,Dining,World Cuisine,41.0132629,28.9770085,Fatih,09:00-22:00,Medium
Bistro Chef,Dining,World Cuisine,41.0125961,28.9774301,Fatih,09:00-22:00,Medium
Raymond Cafe and Restaurant,Dining,World Cuisine,41.0129216,28.9771265,Fatih,09:00-22:00,Medium
Salute Pub and Restaurant,Dining,World Cuisine,41.0130527,28.9769437,Fatih,09:00-22:00,Medium
Enes İbrahim,Dining,World Cuisine,41.0134035,28.9763441,Fatih,09:00-22:00,Medium
Balkan Lokantası,Dining,Regional,41.0138365,28.9759316,Fatih,09:00-22:00,Medium
Can Oba Restaurant,Dining,World Cuisine,41.0138173,28.9757673,Fatih,09:00-22:00,Medium
Turgut,Dining,Kebab,41.0136108,28.9755278,Fatih,09:00-22:00,Medium
Kasap Osman,Dining,World Cuisine,41.0138575,28.9753576,Fatih,Mo-Su 09:00-23:00,Medium
tantunabi,Dining,World Cuisine,41.0137809,28.9751107,Fatih,09:00-22:00,Medium
Elif Büfe,Dining,World Cuisine,41.0137279,28.9751832,Fatih,09:00-22:00,Medium
Şehzade Cağ Kebap,Dining,Turkish,41.0140192,28.9752694,Fatih,09:00-22:00,Medium
Meşhur Filibe Köftecisi,Dining,World Cuisine,41.0140992,28.9752696,Fatih,09:00-22:00,Medium
Namlı Rumeli Köftecisi,Dining,World Cuisine,41.0140253,28.975501,Fatih,09:00-22:00,Medium
Hocapaşa Pidecisi,Dining,Turkish,41.0139756,28.9756056,Fatih,Mo-Su 12:00-19:00,Medium
GAR PUB Cafe & Restaurant,Dining,World Cuisine,41.0142827,28.976358,Fatih,09:00-22:00,Medium
Fasuli,Dining,World Cuisine,41.0144926,28.9755975,Fatih,09:00-22:00,Medium
Paşa Kapısı,Other,General,41.0111434,28.9779823,Fatih,09:00-22:00,Low
Duran,Dining,World Cuisine,41.0124814,28.9770205,Fatih,09:00-22:00,Medium
Karadeniz Restaurant,Dining,Local;Regional,41.0084606,28.9752761,Fatih,09:00-22:00,Medium
Arsenal Cafe and Restaurant,Dining,World Cuisine,41.0084483,28.9754256,Fatih,09:00-22:00,Medium
Sultanahmet Halkin Koftecisi,Dining,World Cuisine,41.0081518,28.9758841,Fatih,09:00-22:00,Medium
Firuz Aga Restaurant,Dining,World Cuisine,41.0081212,28.9760831,Fatih,09:00-22:00,Medium
Semazen Cafe and Restaurant,Dining,World Cuisine,41.0081302,28.9762758,Fatih,09:00-22:00,Medium
Nar Steak ve Doner Kebab Restaurant,Dining,World Cuisine,41.0084527,28.9761034,Fatih,09:00-22:00,Medium
Khorasani Restaurant,Dining,World Cuisine,41.008548,28.9760744,Fatih,Mo-Su 12:00-01:00,Medium
Semazen Restaurant,Dining,World Cuisine,41.0086618,28.9759816,Fatih,09:00-22:00,Medium
Sura Restaurant,Dining,World Cuisine,41.0087207,28.9758638,Fatih,09:00-22:00,Medium
N Terrace Restaurant,Dining,World Cuisine,41.0087087,28.9758893,Fatih,09:00-22:00,Medium
Enjoyer cafe correcto Restaurant,Dining,World Cuisine,41.0089648,28.9755708,Fatih,09:00-22:00,Medium
Deraliye Ottoman Cuisine Restaurant,Dining,World Cuisine,41.0088429,28.9759095,Fatih,09:00-22:00,Medium
NAR restaurant,Dining,World Cuisine,41.0085912,28.9761089,Fatih,09:00-22:00,Medium
Million Restaurant,Dining,World Cuisine,41.0083292,28.9762902,Fatih,09:00-22:00,Medium
Mozaik Cafe and Restaurant,Dining,World Cuisine,41.0082715,28.9763915,Fatih,09:00-22:00,Medium
Rumeli Cafe Restaurant,Dining,World Cuisine,41.0083099,28.976387,Fatih,09:00-22:00,Medium
Kucuk Ev Cafe and Restaurant,Dining,World Cuisine,41.0082677,28.9764928,Fatih,09:00-22:00,Medium
Masal Restaurant,Dining,World Cuisine,41.0083358,28.9769019,Fatih,09:00-22:00,Medium
Bodrum Cafe and Restaurant,Dining,World Cuisine,41.008222,28.9773126,Fatih,09:00-22:00,Medium
Dubb Indian Restaurant,Dining,World Cuisine,41.0081859,28.9771238,Fatih,09:00-22:00,Medium
Fuego Restaurant,Dining,World Cuisine,41.0082114,28.9769409,Fatih,09:00-22:00,Medium
The Terrace Restaurant,Dining,World Cuisine,41.0081444,28.976446,Fatih,09:00-22:00,Medium
Cevri Kalfa Çeşmesi,Other,General,41.0080019,28.9767691,Fatih,09:00-22:00,Low
Can Restoran,Dining,World Cuisine,41.0080089,28.9768918,Fatih,09:00-22:00,Medium
Hafız Mustafa,Dining,World Cuisine,41.0079827,28.9769079,Fatih,09:00-22:00,Medium
Pudding Shop Lale Restaurant,Dining,World Cuisine,41.0080246,28.9770388,Fatih,09:00-22:00,Medium
Meşhur Sultanahmet Köftecisi,Dining,World Cuisine,41.0080081,28.9771617,Fatih,09:00-22:00,Medium
Sultan Restoran,Dining,World Cuisine,41.0079917,28.9772285,Fatih,09:00-22:00,Medium
Hacı Beşir Ağa Çeşmesi,Other,General,41.0082515,28.9779961,Fatih,09:00-22:00,Low
Omar Cafe and Restaurant,Dining,World Cuisine,41.0084509,28.9776292,Fatih,09:00-22:00,Medium
Altin Kupa Restaurant,Dining,World Cuisine,41.0085872,28.9777365,Fatih,09:00-22:00,Medium
Mr cook Cafe Restaurant,Dining,World Cuisine,41.0107239,28.9748525,Fatih,09:00-22:00,Medium
Hazal Börek Salonu,Dining,World Cuisine,41.0104169,28.9748173,Fatih,09:00-22:00,Medium
Ziya Dürüm Evi,Dining,World Cuisine,41.0107174,28.9745972,Fatih,09:00-22:00,Medium
Sultanahmet Fish House,Dining,World Cuisine,41.0103178,28.9758214,Fatih,09:00-22:00,Medium
Arden Teras,Dining,World Cuisine,41.0098993,28.976423,Fatih,09:00-22:00,Medium
Kosk Kebap Durum Evi,Dining,World Cuisine,41.0105439,28.9771577,Fatih,09:00-22:00,Medium
Sırevi Restaurant,Dining,World Cuisine,41.0086025,28.9739829,Fatih,09:00-22:00,Medium
Sultan Saray,Dining,World Cuisine,41.0086327,28.9742594,Fatih,09:00-22:00,Medium
House of Medusa,Dining,World Cuisine,41.0087639,28.9772212,Fatih,09:00-22:00,Medium
Sahre Et Kebap Restaurant,Dining,World Cuisine,41.0089914,28.9772707,Fatih,09:00-22:00,Medium
Kybele Restaurant,Dining,World Cuisine,41.0093281,28.9768272,Fatih,09:00-22:00,Medium
360 Panorama Cihannuma Restaurant,Dining,World Cuisine,41.0091457,28.9775538,Fatih,09:00-22:00,Medium
Boterra,Dining,World Cuisine,41.0089049,28.9773974,Fatih,09:00-22:00,Medium
Barbeku House,Dining,World Cuisine,41.0086074,28.9777141,Fatih,09:00-22:00,Medium
Alemdar Restaurant and Cafe,Dining,World Cuisine,41.0094622,28.9782363,Fatih,09:00-22:00,Medium
Efezade Restaurant Cafe Turkish Delight,Dining,World Cuisine,41.0095882,28.9785529,Fatih,09:00-22:00,Medium
Edun büfe,Dining,World Cuisine,41.0104359,28.9773112,Fatih,09:00-22:00,Medium
El Pescador RESTAURANT,Dining,World Cuisine,41.0104076,28.978304,Fatih,09:00-22:00,Medium
Kucukoglu barbecue restaurant,Dining,World Cuisine,41.0105522,28.9774759,Fatih,09:00-22:00,Medium
Ziya Sark Sofrasi,Dining,World Cuisine,41.0107855,28.9775301,Fatih,09:00-22:00,Medium
Amedros Cafe and Restaurant,Dining,World Cuisine,41.0083494,28.9738863,Fatih,09:00-22:00,Medium
Faros Restaurant Cafe,Dining,World Cuisine,41.0083542,28.9737342,Fatih,09:00-22:00,Medium
Ali Usta,Dining,World Cuisine,41.008288,28.9741204,Fatih,09:00-22:00,Medium
cozy pizza pide,Dining,World Cuisine,41.0083771,28.9743211,Fatih,09:00-22:00,Medium
Kenger Home Made,Dining,World Cuisine,41.0085035,28.9743651,Fatih,09:00-22:00,Medium
Sultan Saray Cafe Restaurant,Dining,World Cuisine,41.0086386,28.9745878,Fatih,09:00-22:00,Medium
Karadeniz kardeşler pide kebab salonu,Dining,World Cuisine,41.0085024,28.9746005,Fatih,09:00-22:00,Medium
Aras Cafe Restaurant,Dining,World Cuisine,41.0084692,28.9744932,Fatih,09:00-22:00,Medium
Zamos Cafe and Restaurant,Dining,World Cuisine,41.0084123,28.974453,Fatih,09:00-22:00,Medium
Baran 2 Restoran,Dining,World Cuisine,41.0082259,28.9748631,Fatih,09:00-22:00,Medium
Karadeniz Aile Pide and Kebab Restaurant,Dining,World Cuisine,41.0084424,28.974963,Fatih,09:00-22:00,Medium
Alaturka Cuisine Cafe and Restaurant,Dining,World Cuisine,41.0083043,28.9754064,Fatih,09:00-22:00,Medium
Akraba Köfteci,Dining,World Cuisine,41.0097572,28.9747889,Fatih,09:00-22:00,Medium
Ateş Büfe,Dining,World Cuisine,41.009741,28.9746521,Fatih,09:00-22:00,Medium
Kardesler Resteurant,Dining,World Cuisine,41.0098908,28.9744007,Fatih,09:00-22:00,Medium
Kofteci Ramiz,Dining,World Cuisine,41.0097233,28.9743144,Fatih,09:00-22:00,Medium
Sefa Restaurant,Dining,World Cuisine,41.0102394,28.9747963,Fatih,09:00-22:00,Medium
Buhara Ocakbaşı Restaurant,Dining,World Cuisine,41.0103101,28.9750931,Fatih,09:00-22:00,Medium
El Amed Terrace Restaurant,Dining,World Cuisine,41.0103068,28.9752248,Fatih,09:00-22:00,Medium
Ayasofya Kebap House,Dining,World Cuisine,41.0096904,28.9761,Fatih,09:00-22:00,Medium
Sultan ahmet köftecisi turşu depo,Dining,World Cuisine,41.0094072,28.9758747,Fatih,09:00-22:00,Medium
Sultanahmet köftecisi depo,Dining,World Cuisine,41.0093505,28.9757915,Fatih,09:00-22:00,Medium
Yarenler Cafe and Restaurant,Dining,World Cuisine,41.0091103,28.9754503,Fatih,09:00-22:00,Medium
Lekker,Dining,World Cuisine,41.009088,28.9753711,Fatih,09:00-22:00,Medium
Değirmencioğlu,Dining,World Cuisine,41.0095004,28.9743626,Fatih,09:00-22:00,Medium
Kofteci Ramiz,Dining,World Cuisine,41.0095999,28.9739321,Fatih,09:00-22:00,Medium
New Asian Restaurant,Dining,World Cuisine,41.0087857,28.9736805,Fatih,09:00-22:00,Medium
Üçler Urfa Kebab Salonu,Dining,World Cuisine,41.0127359,28.9316261,Fatih,09:00-22:00,Medium
Kardeşler Yemek,Dining,World Cuisine,41.0137539,28.93253,Fatih,09:00-22:00,Medium
Çapa Dürüm Kebab,Dining,World Cuisine,41.013758,28.9328036,Fatih,09:00-22:00,Medium
Konyalı Gurme,Dining,World Cuisine,41.0145594,28.9335197,Fatih,09:00-22:00,Medium
Ehlihan Restaurant,Dining,World Cuisine,41.0146909,28.9336404,Fatih,09:00-22:00,Medium
Molla Hüsrev cami Turbası,Other,General,41.0147778,28.959381,Fatih,09:00-22:00,Low
Ahmet usta dürüm,Dining,World Cuisine,41.0155268,28.9588237,Fatih,09:00-22:00,Medium
Afacan büfe,Dining,World Cuisine,41.0156077,28.9588451,Fatih,09:00-22:00,Medium
Hanedan kebap,Dining,World Cuisine,41.0159639,28.9576006,Fatih,09:00-22:00,Medium
Vefa restaurant ve kafe,Dining,World Cuisine,41.0157049,28.9573002,Fatih,09:00-22:00,Medium
Unkapanı pilavcısı,Dining,World Cuisine,41.0134382,28.9608192,Fatih,09:00-22:00,Medium
Direklerarası Kebap Salonu,Dining,World Cuisine,41.0124064,28.9593382,Fatih,09:00-22:00,Medium
Vezneciler pilavcısı,Dining,World Cuisine,41.0111876,28.9611626,Fatih,09:00-22:00,Medium
Allı börek,Dining,World Cuisine,41.0170649,28.966763,Fatih,09:00-22:00,Medium
Özen lokantası,Dining,World Cuisine,41.0172753,28.9670205,Fatih,09:00-22:00,Medium
Şehri saadet,Dining,World Cuisine,41.0165306,28.9663982,Fatih,09:00-22:00,Medium
Sefa i han,Dining,World Cuisine,41.0165144,28.9662695,Fatih,09:00-22:00,Medium
Arya longue,Dining,World Cuisine,41.0167896,28.9657545,Fatih,09:00-22:00,Medium
Kösem Sultan,Dining,World Cuisine,41.0167734,28.9655828,Fatih,09:00-22:00,Medium
Sezgin döner,Dining,World Cuisine,41.0172786,28.9642788,Fatih,09:00-22:00,Medium
Marmara döner,Dining,World Cuisine,41.0149227,28.9751532,Fatih,09:00-22:00,Medium
Şen büfe,Dining,World Cuisine,41.0152215,28.9743146,Fatih,09:00-22:00,Medium
Sultan hamam,Dining,World Cuisine,41.0156109,28.9719808,Fatih,09:00-22:00,Medium
Çağaloğlu,Dining,World Cuisine,41.0142576,28.9749513,Fatih,09:00-22:00,Medium
Safranbolu pide,Dining,World Cuisine,41.0150893,28.9731765,Fatih,09:00-22:00,Medium
Tat Sarıoğlu,Dining,World Cuisine,41.0151295,28.9723415,Fatih,09:00-22:00,Medium
Ehlihan,Dining,World Cuisine,41.0152017,28.9719585,Fatih,09:00-22:00,Medium
Kakşioğlu kafeterya,Dining,World Cuisine,41.0150894,28.9716592,Fatih,09:00-22:00,Medium
Öz Karadeniz pide,Dining,World Cuisine,41.0150497,28.9715008,Fatih,09:00-22:00,Medium
Taş fırın,Dining,World Cuisine,41.014631,28.972465,Fatih,09:00-22:00,Medium
Marmara Pastanesi,Dining,World Cuisine,41.0121504,28.9752187,Fatih,09:00-22:00,Medium
Babı ali restaurant,Dining,World Cuisine,41.012348,28.975416,Fatih,09:00-22:00,Medium
Koska Köftecisi,Dining,World Cuisine,41.0167016,28.9587524,Fatih,09:00-22:00,Medium
Vanlı oğlu kebap,Dining,World Cuisine,41.019424,28.9609551,Fatih,09:00-22:00,Medium
Sarıyer börekçisi,Dining,World Cuisine,41.0168558,28.9731941,Fatih,09:00-22:00,Medium
Yemek odası restaurant,Dining,World Cuisine,41.0170282,28.9736613,Fatih,09:00-22:00,Medium
Ozbasak,Dining,World Cuisine,41.0162064,28.9755879,Fatih,09:00-22:00,Medium
Gungenci,Dining,World Cuisine,41.0164125,28.9737367,Fatih,09:00-22:00,Medium
Bolulu Hasan Usta,Dining,World Cuisine,41.0154882,28.9758801,Fatih,09:00-22:00,Medium
Konyalı,Dining,World Cuisine,41.0156295,28.9759622,Fatih,09:00-22:00,Medium
Faruk Güllüoğlu,Dining,World Cuisine,41.0158235,28.9761062,Fatih,09:00-22:00,Medium
Rumeli çikolata,Dining,World Cuisine,41.0158057,28.9759473,Fatih,09:00-22:00,Medium
Acemoğlu Baklavaları,Dining,World Cuisine,41.0160578,28.9762218,Fatih,09:00-22:00,Medium
Daruzziyafe turkish resturant,Dining,World Cuisine,41.0163768,28.9623213,Fatih,09:00-22:00,Medium
Vanlioglu,Dining,World Cuisine,41.019463,28.9610553,Fatih,09:00-22:00,Medium
Ercanlar,Dining,World Cuisine,41.0198009,28.9617205,Fatih,09:00-22:00,Medium
Kaytas,Dining,World Cuisine,41.0199224,28.9618921,Fatih,09:00-22:00,Medium
Mini market,Dining,World Cuisine,41.0199305,28.9620638,Fatih,09:00-22:00,Medium
Kadioglu kofte salonu,Dining,World Cuisine,41.0198394,28.9622703,Fatih,09:00-22:00,Medium
Eda bufe,Dining,World Cuisine,41.0197686,28.9625359,Fatih,09:00-22:00,Medium
Sadikogullari,Dining,World Cuisine,41.0198313,28.9630146,Fatih,09:00-22:00,Medium
Antipliogulu,Dining,World Cuisine,41.0195743,28.9632225,Fatih,09:00-22:00,Medium
Azimet Et Lokantasi,Dining,World Cuisine,41.0197574,28.9632842,Fatih,09:00-22:00,Medium
Kebap Evi,Dining,World Cuisine,41.0196957,28.9635444,Fatih,09:00-22:00,Medium
Burgerillas,Dining,World Cuisine,41.0174874,28.9694058,Fatih,09:00-22:00,Medium
Cookland,Dining,World Cuisine,41.0154701,28.9716125,Fatih,09:00-22:00,Medium
Resturant,Dining,World Cuisine,41.0163849,28.9716125,Fatih,09:00-22:00,Medium
Cesme cihan,Dining,World Cuisine,41.0053462,28.9430201,Fatih,09:00-22:00,Medium
Damak kebap,Dining,World Cuisine,41.0050628,28.9431918,Fatih,09:00-22:00,Medium
Ahtim,Dining,World Cuisine,41.004318,28.9437926,Fatih,09:00-22:00,Medium
Kardes bufe,Dining,World Cuisine,41.0041236,28.9439857,Fatih,09:00-22:00,Medium
Point manti,Dining,World Cuisine,41.0045528,28.9361376,Fatih,09:00-22:00,Medium
Ikizler pilavci,Dining,World Cuisine,41.0054677,28.9367759,Fatih,09:00-22:00,Medium
Is doner,Dining,World Cuisine,41.0055001,28.9368832,Fatih,09:00-22:00,Medium
Catkapi ev yemek,Dining,World Cuisine,41.005581,28.937012,Fatih,09:00-22:00,Medium
Gaziantepli Usta,Dining,World Cuisine,41.005581,28.9370978,Fatih,09:00-22:00,Medium
Ziyada ev yemek,Dining,World Cuisine,41.0056215,28.9371836,Fatih,09:00-22:00,Medium
Tanton usta,Dining,World Cuisine,41.005832,28.9378917,Fatih,09:00-22:00,Medium
Unkapanı Pilavcı,Dining,World Cuisine,41.006164,28.9391148,Fatih,09:00-22:00,Medium
İkizler Pilavcı,Dining,World Cuisine,41.006415,28.939501,Fatih,09:00-22:00,Medium
Kosek and cafe,Dining,World Cuisine,41.0064797,28.9398229,Fatih,09:00-22:00,Medium
Jalal,Dining,World Cuisine,41.0073298,28.942591,Fatih,09:00-22:00,Medium
Pilavcı Yegit,Dining,World Cuisine,41.0084147,28.9408314,Fatih,09:00-22:00,Medium
Fırat Kepab,Dining,World Cuisine,41.0069979,28.9378059,Fatih,09:00-22:00,Medium
Tarihi dagkapi,Dining,World Cuisine,41.0060344,28.9364111,Fatih,09:00-22:00,Medium
Hacioglarri,Dining,World Cuisine,41.0056134,28.9363897,Fatih,09:00-22:00,Medium
Buylu Mutfak,Dining,World Cuisine,41.0054839,28.9363682,Fatih,09:00-22:00,Medium
Fonyali,Dining,World Cuisine,41.0057834,28.9361107,Fatih,09:00-22:00,Medium
Pasem kepeb,Dining,World Cuisine,41.0067084,28.9335385,Fatih,09:00-22:00,Medium
Pasa doner,Dining,World Cuisine,41.004156,28.9323986,Fatih,09:00-22:00,Medium
Samatya coftecesi,Dining,World Cuisine,41.0033787,28.9430845,Fatih,09:00-22:00,Medium
Fasuli,Dining,World Cuisine,41.0035164,28.9435565,Fatih,09:00-22:00,Medium
Durmce,Dining,World Cuisine,41.0038565,28.9440501,Fatih,09:00-22:00,Medium
Giger kepeb,Dining,World Cuisine,41.0042856,28.9447796,Fatih,09:00-22:00,Medium
Resturant,Dining,World Cuisine,41.0087264,28.9636517,Fatih,09:00-22:00,Medium
Ocakpasi,Dining,World Cuisine,41.0082245,28.9648533,Fatih,09:00-22:00,Medium
Yemek salonu,Dining,World Cuisine,41.008103,28.9652181,Fatih,09:00-22:00,Medium
Çavuşoğlu,Dining,World Cuisine,41.0093093,28.9582658,Fatih,09:00-22:00,Medium
Yunus,Dining,World Cuisine,41.0073826,28.9571634,Fatih,09:00-22:00,Medium
Hacı Beşir Ağa Çeşmesi,Other,General,41.0036705,28.9287438,Fatih,09:00-22:00,Low
Destina Çiğ Köfte,Dining,World Cuisine,41.002412,28.9300997,Fatih,09:00-22:00,Medium
Osmanlı Tulumbacısı ve Baklava,Dining,World Cuisine,41.0037704,28.9281715,Fatih,09:00-22:00,Medium
Sirri Usta Çigköfte,Dining,World Cuisine,41.0037305,28.9280993,Fatih,09:00-22:00,Medium
Dürümcü Kerem,Dining,World Cuisine,41.0037116,28.9280638,Fatih,09:00-22:00,Medium
Volkan Köfte ve Döner Salonu,Dining,World Cuisine,41.0036872,28.9280127,Fatih,09:00-22:00,Medium
Pashaa Kokoreç,Dining,World Cuisine,41.0036339,28.9278971,Fatih,09:00-22:00,Medium
Tubaz Odunlu Taş fırını,Dining,World Cuisine,41.000651,28.9263987,Fatih,09:00-22:00,Medium
Oses Çiğköfte,Dining,World Cuisine,41.0032515,28.9270919,Fatih,09:00-22:00,Medium
Mevzubahis Çiğköfte,Dining,World Cuisine,41.0022474,28.9268139,Fatih,09:00-22:00,Medium
Meşhur Çiğköfteci Hasan Usta,Dining,World Cuisine,41.0002123,28.9243973,Fatih,09:00-22:00,Medium
Antep Sofrası,Dining,World Cuisine,41.0029565,28.9256773,Fatih,09:00-22:00,Medium
Aşkla Pasta Cafe,Dining,World Cuisine,41.002702,28.9250632,Fatih,09:00-22:00,Medium
Palmyra Syrian Restaurant,Dining,World Cuisine,41.0114747,28.9575549,Fatih,09:00-22:00,Medium
Zurich Restaurant,Dining,World Cuisine,41.0116602,28.9580992,Fatih,09:00-22:00,Medium
Tuğra turkish coffee turkish delight,Dining,World Cuisine,41.0117873,28.9584944,Fatih,09:00-22:00,Medium
Klas restaurant,Dining,World Cuisine,41.0118134,28.9585714,Fatih,09:00-22:00,Medium
Express Restaurant and Pub,Dining,World Cuisine,41.0119274,28.959088,Fatih,09:00-22:00,Medium
Direklerarası Sofrası,Dining,World Cuisine,41.0118728,28.9591953,Fatih,09:00-22:00,Medium
Şehzade Börek,Dining,World Cuisine,41.0118019,28.959214,Fatih,09:00-22:00,Medium
Sadık Ev Yemekleri,Dining,World Cuisine,41.0113627,28.9592355,Fatih,09:00-22:00,Medium
Gala Kokoreç,Dining,World Cuisine,41.0111084,28.9592551,Fatih,09:00-22:00,Medium
İnci Cafe Restaurant,Dining,World Cuisine,41.0107763,28.9592164,Fatih,09:00-22:00,Medium
Eyfel restaurant,Dining,World Cuisine,41.0104082,28.9583,Fatih,09:00-22:00,Medium
Laleli Sultan Turkish Delight,Dining,World Cuisine,41.0115819,28.9583165,Fatih,09:00-22:00,Medium
Hotel Kaya Restaurant,Dining,World Cuisine,41.0109567,28.9586534,Fatih,09:00-22:00,Medium
Lalen Restaurant,Dining,World Cuisine,41.0110632,28.9588084,Fatih,09:00-22:00,Medium
Tarihi Unkapanı Pilavcısı,Dining,World Cuisine,41.0115642,28.9601946,Fatih,09:00-22:00,Medium
Koska,Dining,World Cuisine,41.0097336,28.9578311,Fatih,09:00-22:00,Medium
Satır Köfte,Dining,World Cuisine,41.0149215,28.9663271,Fatih,09:00-22:00,Medium
Bosnak Börekçi,Dining,World Cuisine,41.0148834,28.9661829,Fatih,09:00-22:00,Medium
Bakırcılar Lokantası,Dining,World Cuisine,41.0128754,28.9661956,Fatih,09:00-22:00,Medium
Köfte,Dining,World Cuisine,41.0129669,28.9668556,Fatih,09:00-22:00,Medium
Öz Sultanahmet Köftecisi,Dining,World Cuisine,41.0142685,28.9673438,Fatih,09:00-22:00,Medium
Turko Baba Turkish Delight,Dining,World Cuisine,41.0144527,28.9673464,Fatih,09:00-22:00,Medium
Nevzat Usta,Dining,World Cuisine,41.0145719,28.9680304,Fatih,09:00-22:00,Medium
Anteplioğlu Baklavacı,Dining,World Cuisine,41.0332596,28.9464473,Fatih,09:00-22:00,Medium
Urfam Kebap Döner,Dining,World Cuisine,41.0331872,28.9462194,Fatih,09:00-22:00,Medium
Dondurma,Dining,World Cuisine,41.0332327,28.9446429,Fatih,09:00-22:00,Medium
Dönerim,Dining,World Cuisine,41.0328271,28.9459697,Fatih,09:00-22:00,Medium
Meşhur Kır Pidesi,Dining,World Cuisine,41.0327556,28.9459068,Fatih,09:00-22:00,Medium
İstanbul Ciğercisi,Dining,World Cuisine,41.0326974,28.9458672,Fatih,09:00-22:00,Medium
Altınay Yufkacısı,Dining,World Cuisine,41.0322705,28.9407412,Fatih,09:00-22:00,Medium
Abdullah El Ensari Türbesi,Other,General,41.0332977,28.944349,Fatih,09:00-22:00,Low
Altınay Kebap Ve Lahmacun,Dining,World Cuisine,41.0311378,28.9408609,Fatih,09:00-22:00,Medium
Ak Çiçek Mangal,Dining,World Cuisine,41.0304394,28.9403785,Fatih,09:00-22:00,Medium
Hakan Cafe Börek Salonu,Dining,World Cuisine,41.0300512,28.9410086,Fatih,09:00-22:00,Medium
Ebuzer Gifari Türbesi,Other,General,41.0376062,28.9428599,Fatih,09:00-22:00,Low
İvaz Efendi Çeşmesi,Other,General,41.0378888,28.9411463,Fatih,09:00-22:00,Low
Ebu Şeybe El-Hudri Türbesi,Other,General,41.039341,28.9414828,Fatih,09:00-22:00,Low
Cihan Tulumba Baklava,Dining,World Cuisine,41.0337631,28.946156,Fatih,09:00-22:00,Medium
Bozkurtlu Lokantası,Dining,World Cuisine,41.0337142,28.9463238,Fatih,09:00-22:00,Medium
Çayada in balat,Dining,World Cuisine,41.0338512,28.9467219,Fatih,09:00-22:00,Medium
Beyaz geceler restaurant,Dining,World Cuisine,41.0075785,28.9520173,Fatih,09:00-22:00,Medium
Molino pizza,Dining,World Cuisine,41.0075692,28.951919,Fatih,09:00-22:00,Medium
37 sultan restaurant,Dining,World Cuisine,41.0086846,28.9516061,Fatih,09:00-22:00,Medium
Yakamoz restaurant,Dining,World Cuisine,41.0085112,28.9516163,Fatih,09:00-22:00,Medium
Balkan lokantası,Dining,World Cuisine,41.0084524,28.9516163,Fatih,09:00-22:00,Medium
Kebap dünyası,Dining,World Cuisine,41.0083516,28.9516163,Fatih,09:00-22:00,Medium
Demet lahmacun kebap,Dining,World Cuisine,41.008276,28.9520616,Fatih,09:00-22:00,Medium
Vatan lokantası,Dining,World Cuisine,41.0081752,28.9518167,Fatih,09:00-22:00,Medium
Ali usta baklava,Dining,World Cuisine,41.0081668,28.9519057,Fatih,09:00-22:00,Medium
Tat restaurant,Dining,World Cuisine,41.0081752,28.9520616,Fatih,09:00-22:00,Medium
Altın şiş kebap,Dining,World Cuisine,41.0081995,28.9525162,Fatih,09:00-22:00,Medium
Kakule cafe ve restaurant,Dining,World Cuisine,41.0083096,28.9526404,Fatih,09:00-22:00,Medium
Android restaurant,Dining,World Cuisine,41.0083096,28.9527963,Fatih,09:00-22:00,Medium
Sultanahmet köftecisi,Dining,World Cuisine,41.0089952,28.9516852,Fatih,09:00-22:00,Medium
Tuana restaurant,Dining,World Cuisine,41.0034089,28.953112,Fatih,09:00-22:00,Medium
Sevinç simit salonu,Dining,World Cuisine,41.0072301,28.952966,Fatih,09:00-22:00,Medium
Pluton restaurant,Dining,World Cuisine,41.0078909,28.9525497,Fatih,09:00-22:00,Medium
Bolu tat lokantası,Dining,World Cuisine,41.0066649,28.951675,Fatih,09:00-22:00,Medium
Dürümcü mehmetin yeri,Dining,World Cuisine,41.0071148,28.9516502,Fatih,09:00-22:00,Medium
Hazal Döner,Dining,World Cuisine,41.0039345,28.9317975,Fatih,09:00-22:00,Medium
Seyran Pastanesi,Dining,World Cuisine,41.0037739,28.9311121,Fatih,09:00-22:00,Medium
Dilek Pastanesi,Dining,World Cuisine,41.0036687,28.93101,Fatih,09:00-22:00,Medium
Hazal Pide Ve Börek Salonu,Dining,World Cuisine,41.0035424,28.929973,Fatih,09:00-22:00,Medium
İmamoğlu Kebap ve Lahmacun Salonu,Dining,World Cuisine,41.0036605,28.9276355,Fatih,09:00-22:00,Medium
Çorbacı Alaaddin Ustanın Yeri,Dining,World Cuisine,41.0045647,28.9315982,Fatih,09:00-22:00,Medium
Merve Pastaneleri,Dining,World Cuisine,41.006289,28.9310365,Fatih,09:00-22:00,Medium
Öz Antep Tatlıcısı,Dining,World Cuisine,41.0066398,28.9311437,Fatih,09:00-22:00,Medium
Etibeyaz,Dining,World Cuisine,41.0064511,28.9311034,Fatih,09:00-22:00,Medium
Kirik Çatal Lokantasi,Dining,World Cuisine,41.006116,28.9310726,Fatih,09:00-22:00,Medium
Osmanlı Tulumba Baklava,Dining,World Cuisine,41.0059955,28.9309524,Fatih,09:00-22:00,Medium
Paşa Balık,Dining,World Cuisine,41.0059519,28.9308585,Fatih,09:00-22:00,Medium
Bağdatlım,Dining,World Cuisine,41.0051796,28.9309808,Fatih,09:00-22:00,Medium
Rumeli Köfte Ve Yemek Salonu,Dining,World Cuisine,41.0045616,28.9311175,Fatih,09:00-22:00,Medium
Big Mammas,Dining,World Cuisine,41.0042577,28.931078,Fatih,09:00-22:00,Medium
Durak Pide ve Börek,Dining,World Cuisine,41.0040866,28.9311736,Fatih,09:00-22:00,Medium
Hafızoğulları Lokantası,Dining,World Cuisine,41.003911,28.9312333,Fatih,09:00-22:00,Medium
Hacı Bozan Oğulları,Dining,World Cuisine,41.0093618,28.95625,Fatih,09:00-22:00,Medium
Beyoğlu Halk Döner,Dining,World Cuisine,41.0080002,28.9537215,Fatih,09:00-22:00,Medium
İstanbul Restoran,Dining,World Cuisine,41.007658,28.9538192,Fatih,09:00-22:00,Medium
Simit Sarayı,Dining,World Cuisine,41.0073563,28.9538387,Fatih,09:00-22:00,Medium
Hanımeli kıztaşı,Dining,World Cuisine,41.0169293,28.9511719,Fatih,09:00-22:00,Medium
Gaziantep ünal,Dining,World Cuisine,41.0184632,28.9515634,Fatih,09:00-22:00,Medium
Fatih dekorasyon,Dining,World Cuisine,41.0187773,28.9523425,Fatih,09:00-22:00,Medium
Rumeli Dondurma & Tatlı,Dining,World Cuisine,41.0183248,28.9517629,Fatih,09:00-22:00,Medium
Kebapçi salıh usta,Dining,World Cuisine,41.0182021,28.9515238,Fatih,09:00-22:00,Medium
Fatih Köfte ve Yemek Salonu,Dining,World Cuisine,41.0181034,28.9512846,Fatih,09:00-22:00,Medium
Öz karadeniz pide salonu,Dining,World Cuisine,41.0232363,28.9467354,Fatih,09:00-22:00,Medium
Kalburcu Mehmet Parki,Nature & Park,Park,41.0174102,28.9260313,Fatih,09:00-22:00,Low
Samsat Cigkofte,Dining,World Cuisine,41.0171221,28.9263885,Fatih,09:00-22:00,Medium
Kırımlı park,Nature & Park,Park,41.0165711,28.9243198,Fatih,09:00-22:00,Low
Mevlanakapı Merkez Efendi Köftecisi,Dining,World Cuisine,41.0135308,28.9240718,Fatih,09:00-22:00,Medium
Meşhur Çiğbörek,Dining,World Cuisine,41.0145726,28.9275801,Fatih,09:00-22:00,Medium
Abalı Quesillas Mexican Restaurant,Dining,World Cuisine,41.0151832,28.9275964,Fatih,09:00-22:00,Medium
Bayrut oğlu lokantasi,Dining,World Cuisine,41.0169131,28.9515537,Fatih,09:00-22:00,Medium
Almahaba restaurant,Dining,World Cuisine,41.0166506,28.9512812,Fatih,09:00-22:00,Medium
Bizim köfte,Dining,World Cuisine,41.0171539,28.9506912,Fatih,09:00-22:00,Medium
Şahin Kardeşler 1 Börek Salonu,Dining,World Cuisine,41.0066495,28.9238078,Fatih,09:00-22:00,Medium
Renk Kasabı Et Evi,Dining,World Cuisine,41.0126909,28.9257066,Fatih,09:00-22:00,Medium
Acıktım Kardeşler Pide Lahmacun Şehremini,Dining,World Cuisine,41.0120059,28.9247496,Fatih,09:00-22:00,Medium
Fatih alhayr,Dining,World Cuisine,41.0203133,28.9487785,Fatih,09:00-22:00,Medium
Sevecen ev yemekleri,Dining,World Cuisine,41.0202852,28.94832,Fatih,09:00-22:00,Medium
Al jenani,Dining,World Cuisine,41.0199021,28.9478108,Fatih,09:00-22:00,Medium
Bab alhara,Dining,World Cuisine,41.020946,28.9493267,Fatih,09:00-22:00,Medium
Akçaabat köfte,Dining,World Cuisine,41.0209738,28.9490426,Fatih,09:00-22:00,Medium
Çarşamba kebap,Dining,World Cuisine,41.0241566,28.9484591,Fatih,09:00-22:00,Medium
Karadeniz pide,Dining,World Cuisine,41.0240428,28.9481464,Fatih,09:00-22:00,Medium
Sultan sarnıcı,Dining,World Cuisine,41.0249938,28.9503364,Fatih,09:00-22:00,Medium
Fatih esnaflar lokantası,Dining,World Cuisine,41.0213617,28.9479737,Fatih,09:00-22:00,Medium
Alraii,Dining,World Cuisine,41.0213157,28.947998,Fatih,09:00-22:00,Medium
Şam günleri,Dining,World Cuisine,41.0209666,28.9483309,Fatih,09:00-22:00,Medium
Nihavent,Dining,World Cuisine,41.0208095,28.9483744,Fatih,09:00-22:00,Medium
Sefa,Dining,World Cuisine,41.0207527,28.9485036,Fatih,09:00-22:00,Medium
Dede sultan,Dining,World Cuisine,41.0207875,28.9489316,Fatih,09:00-22:00,Medium
Öz antakya,Dining,World Cuisine,41.0207109,28.9491714,Fatih,09:00-22:00,Medium
Sahara saray,Dining,World Cuisine,41.0215784,28.9480174,Fatih,09:00-22:00,Medium
Durak rumeli köfte,Dining,World Cuisine,41.0295058,28.9361215,Fatih,09:00-22:00,Medium
Sebil lokantası,Dining,World Cuisine,41.0294087,28.9362247,Fatih,09:00-22:00,Medium
Yıldız saray,Dining,World Cuisine,41.0263497,28.9394554,Fatih,09:00-22:00,Medium
Pehlivan,Dining,World Cuisine,41.0260839,28.9396817,Fatih,09:00-22:00,Medium
Loti,Dining,World Cuisine,41.0081937,28.9729709,Fatih,09:00-22:00,Medium
Alnur,Dining,World Cuisine,41.0267375,28.9376657,Fatih,09:00-22:00,Medium
Sokullu,Dining,World Cuisine,41.005249,28.9734019,Fatih,09:00-22:00,Medium
The wox,Dining,World Cuisine,41.0050583,28.9736818,Fatih,09:00-22:00,Medium
Baran,Dining,World Cuisine,41.0080822,28.9743934,Fatih,09:00-22:00,Medium
Osman,Dining,World Cuisine,41.0062309,28.9732374,Fatih,09:00-22:00,Medium
Kebab and fish house,Dining,World Cuisine,41.0079006,28.971591,Fatih,09:00-22:00,Medium
Saray Kebap,Dining,World Cuisine,41.007844,28.971591,Fatih,09:00-22:00,Medium
Hidden Garden Sultanat,Dining,Barbecue;Breakfast;Chicken;Coffee_Shop;Fish_And_Chips;Friture;Grill,41.0068013,28.9723973,Fatih,Mo-Su 11:00-23:30,Medium
Paşa döner,Dining,World Cuisine,41.0222964,28.9450988,Fatih,09:00-22:00,Medium
Etibeyaz,Dining,World Cuisine,41.0222352,28.9451746,Fatih,09:00-22:00,Medium
Döner istanbul,Dining,World Cuisine,41.022201,28.9452289,Fatih,09:00-22:00,Medium
Ali usta,Dining,World Cuisine,41.0211273,28.9463114,Fatih,09:00-22:00,Medium
Hacıoğlu,Dining,World Cuisine,41.0204485,28.9470005,Fatih,09:00-22:00,Medium
Kömür turk mutfağı,Dining,World Cuisine,41.0202332,28.9471818,Fatih,09:00-22:00,Medium
Kiler Et,Dining,World Cuisine,41.0174892,28.9499559,Fatih,09:00-22:00,Medium
Aziz oğulları börek salonu,Dining,World Cuisine,41.0107932,28.9428601,Fatih,09:00-22:00,Medium
Sahtin,Dining,World Cuisine,41.0107583,28.9430879,Fatih,09:00-22:00,Medium
Dürümcü,Dining,World Cuisine,41.0107332,28.9431575,Fatih,09:00-22:00,Medium
Yüksel Uygur,Dining,World Cuisine,41.0099667,28.945709,Fatih,09:00-22:00,Medium
Tarbuş,Dining,World Cuisine,41.009815,28.9463324,Fatih,09:00-22:00,Medium
Mavi Bufe,Dining,World Cuisine,41.0097435,28.946607,Fatih,09:00-22:00,Medium
Beit alezz,Dining,World Cuisine,41.0097066,28.9467242,Fatih,09:00-22:00,Medium
Mandy hadramut,Dining,World Cuisine,41.009611,28.9469232,Fatih,09:00-22:00,Medium
Tarihi Eyüp Sultan,Dining,World Cuisine,41.0096047,28.9471461,Fatih,09:00-22:00,Medium
Nuri Usta,Dining,World Cuisine,41.0095651,28.9474167,Fatih,09:00-22:00,Medium
Duru,Dining,World Cuisine,41.0077251,28.9438666,Fatih,09:00-22:00,Medium
Eda Büfe,Dining,World Cuisine,41.0086151,28.9436986,Fatih,09:00-22:00,Medium
General Sofrası,Dining,World Cuisine,41.0089832,28.9477984,Fatih,09:00-22:00,Medium
Hanim eli,Dining,World Cuisine,41.0087766,28.9375968,Fatih,09:00-22:00,Medium
SARI HAN TIME,Dining,World Cuisine,41.0098489,28.9381262,Fatih,09:00-22:00,Medium
GIRNE,Dining,World Cuisine,41.0100488,28.9382291,Fatih,09:00-22:00,Medium
Fetih Börek & Pide,Dining,World Cuisine,41.0103285,28.9383702,Fatih,09:00-22:00,Medium
EVRIM EXTRA BUFE,Dining,World Cuisine,41.0106952,28.9385262,Fatih,09:00-22:00,Medium
PIZZALINA,Dining,World Cuisine,41.0107649,28.9385562,Fatih,09:00-22:00,Medium
EMİRHAN,Dining,World Cuisine,41.0111249,28.9387398,Fatih,09:00-22:00,Medium
Molla Gorani Hazretlerinin Kabri,Other,General,41.0112305,28.9411363,Fatih,09:00-22:00,Low
Asmalı konağı,Dining,World Cuisine,41.0110102,28.9416613,Fatih,09:00-22:00,Medium
Pilavci ismail usta,Dining,World Cuisine,41.0110025,28.9420796,Fatih,09:00-22:00,Medium
İzgara Evi,Dining,World Cuisine,41.0109654,28.9422449,Fatih,09:00-22:00,Medium
Döner Sadık Usta,Dining,World Cuisine,41.0090561,28.9479635,Fatih,09:00-22:00,Medium
Şifa döner,Dining,World Cuisine,41.0090962,28.9480212,Fatih,09:00-22:00,Medium
Şark Büfe,Dining,World Cuisine,41.0097929,28.9408293,Fatih,09:00-22:00,Medium
Abo şemso,Dining,World Cuisine,41.0099944,28.9410608,Fatih,09:00-22:00,Medium
özbey bufe,Dining,World Cuisine,41.0105953,28.9410176,Fatih,09:00-22:00,Medium
Hakiki hatay urunleri,Dining,World Cuisine,41.0082594,28.9403634,Fatih,09:00-22:00,Medium
Borek&pide&doner&cafe,Dining,World Cuisine,41.009443,28.9455297,Fatih,09:00-22:00,Medium
Sultan Balık,Dining,World Cuisine,41.0083089,28.9453731,Fatih,09:00-22:00,Medium
MIX,Dining,World Cuisine,41.0084653,28.9456518,Fatih,09:00-22:00,Medium
Furkan Döner,Dining,World Cuisine,41.0086053,28.945284,Fatih,09:00-22:00,Medium
Haseki Ev Yemekleri,Dining,World Cuisine,41.0091864,28.9447814,Fatih,09:00-22:00,Medium
Adıvar Cafeteria,Dining,World Cuisine,41.0095114,28.9453545,Fatih,09:00-22:00,Medium
Martun 2,Dining,World Cuisine,41.0098922,28.9454125,Fatih,09:00-22:00,Medium
Gökhan Büfe,Dining,World Cuisine,41.0090075,28.9435981,Fatih,09:00-22:00,Medium
Tüğba Kafeterya,Dining,World Cuisine,41.0089553,28.9433005,Fatih,09:00-22:00,Medium
Babacan,Dining,World Cuisine,41.028427,28.9382097,Fatih,09:00-22:00,Medium
İsot lahmacun,Dining,World Cuisine,41.0275987,28.9409255,Fatih,09:00-22:00,Medium
Lezzet çiğ borek,Dining,World Cuisine,41.0262394,28.9402771,Fatih,09:00-22:00,Medium
Yaraligoz borek,Dining,World Cuisine,41.031121,28.9448204,Fatih,09:00-22:00,Medium
Özcanlar kebap salonu,Dining,World Cuisine,41.0263948,28.9408298,Fatih,09:00-22:00,Medium
Özen sariyer borekçisi,Dining,World Cuisine,41.026446,28.9409325,Fatih,09:00-22:00,Medium
Yıldız borek,Dining,World Cuisine,41.0271516,28.9413093,Fatih,09:00-22:00,Medium
Sefa pide,Dining,World Cuisine,41.0270744,28.9411976,Fatih,09:00-22:00,Medium
İkram,Dining,World Cuisine,41.0274691,28.9413053,Fatih,09:00-22:00,Medium
Cadde Kebap,Dining,World Cuisine,41.0290367,28.93887,Fatih,09:00-22:00,Medium
Ulu kardeşler,Dining,World Cuisine,41.0293152,28.9389037,Fatih,09:00-22:00,Medium
Et ustası,Dining,World Cuisine,41.0295755,28.9394791,Fatih,09:00-22:00,Medium
Özen sariyer boreği,Dining,World Cuisine,41.0296338,28.939269,Fatih,09:00-22:00,Medium
Çelik et ve tavuk durumları,Dining,World Cuisine,41.029813,28.9397337,Fatih,09:00-22:00,Medium
Akçiçek doner,Dining,World Cuisine,41.0301993,28.9400947,Fatih,09:00-22:00,Medium
Cadde döner,Dining,World Cuisine,41.0303312,28.940276,Fatih,09:00-22:00,Medium
Yaprak pide,Dining,World Cuisine,41.0299755,28.9410647,Fatih,09:00-22:00,Medium
Kaçar borek salonu,Dining,World Cuisine,41.0291831,28.9440018,Fatih,09:00-22:00,Medium
Konak Bufe,Dining,World Cuisine,41.0291408,28.9441748,Fatih,09:00-22:00,Medium
Asitane,Dining,Turkish;Ottoman,41.0308701,28.9389957,Fatih,12:00-23:30,Medium
Keskin gürme,Dining,World Cuisine,41.0306103,28.9368951,Fatih,09:00-22:00,Medium
Konyalı topkapı,Dining,World Cuisine,41.0137134,28.9858174,Fatih,09:00-22:00,Medium
Matbah,Dining,World Cuisine,41.0093013,28.9792031,Fatih,09:00-22:00,Medium
Balikci Sabahattin,Dining,World Cuisine,41.0045062,28.9806059,Fatih,09:00-22:00,Medium
The Cozy Garden,Dining,World Cuisine,41.0047653,28.9796859,Fatih,09:00-22:00,Medium
Magnaura Cafe & Restaurant,Dining,World Cuisine,41.0056185,28.9805523,Fatih,09:00-22:00,Medium
Tria Elegance Restaurant,Dining,World Cuisine,41.0059702,28.9809472,Fatih,09:00-22:00,Medium
Albura kathisma resturant & cafe,Dining,World Cuisine,41.005829,28.9804865,Fatih,09:00-22:00,Medium
Turquoıse cafe resturant,Dining,World Cuisine,41.0055881,28.9801459,Fatih,09:00-22:00,Medium
Duvares cafe & resturant,Dining,World Cuisine,41.0054336,28.9799629,Fatih,09:00-22:00,Medium
Ocean's 7 cafe & resturant,Dining,World Cuisine,41.0051368,28.9798965,Fatih,09:00-22:00,Medium
Babylonia resturant & pub,Dining,World Cuisine,41.0058047,28.9807373,Fatih,09:00-22:00,Medium
Garden resturant,Dining,World Cuisine,41.0056863,28.9802907,Fatih,09:00-22:00,Medium
Shadow Cafe & Restaurant,Dining,World Cuisine,41.0060334,28.9807387,Fatih,09:00-22:00,Medium
Mitani Cafe,Dining,World Cuisine,41.0058857,28.9805509,Fatih,09:00-22:00,Medium
Suleyman,Dining,World Cuisine,41.0048959,28.9796148,Fatih,09:00-22:00,Medium
Şiva Cafe & Bar,Dining,World Cuisine,41.0061326,28.9808634,Fatih,09:00-22:00,Medium
West Town Cafe & Restaurant,Dining,World Cuisine,41.0050163,28.9791723,Fatih,09:00-22:00,Medium
Akbıyık Balık Evi,Dining,World Cuisine,41.0048422,28.9795732,Fatih,09:00-22:00,Medium
Sahabe-i Kiramdan Abdurrahman Şami Türbesi,Other,General,41.0066904,28.9791454,Fatih,09:00-22:00,Low
3B resturant,Dining,World Cuisine,41.0098667,28.9788365,Fatih,09:00-22:00,Medium
Sultan Mehmet Restaurant & Cafe,Dining,World Cuisine,41.0097825,28.9788315,Fatih,09:00-22:00,Medium
Efezade resturant,Dining,World Cuisine,41.0098468,28.9788355,Fatih,09:00-22:00,Medium
Ela Sofia Kebap,Dining,World Cuisine,41.0102483,28.9788701,Fatih,09:00-22:00,Medium
Gülhane cafe & resturant,Dining,World Cuisine,41.0141562,28.9793609,Fatih,09:00-22:00,Medium
Romantic apart hotel,Dining,World Cuisine,41.0140605,28.9792998,Fatih,09:00-22:00,Medium
Big Family,Dining,World Cuisine,41.0138163,28.9791085,Fatih,09:00-22:00,Medium
Old House Restaurant & Bar Cafe,Dining,World Cuisine,41.0060688,28.9793399,Fatih,09:00-22:00,Medium
Köşk Cafe & Restaurant,Dining,World Cuisine,41.006355,28.9809207,Fatih,09:00-22:00,Medium
Palatium Cafe & Restaurant,Dining,World Cuisine,41.0060223,28.9802438,Fatih,09:00-22:00,Medium
Meydan Börek,Dining,Turkish,41.0052355,28.9816936,Fatih,09:00-22:00,Medium
Erol Taş Cafe & Resturant,Dining,World Cuisine,41.0052785,28.9816419,Fatih,09:00-22:00,Medium
Korecan Restoran,Dining,Asian,41.0053898,28.9818991,Fatih,09:00-22:00,Medium
Imperial Galata,Dining,World Cuisine,41.0210745,28.974152,Beyoğlu,09:00-22:00,Medium
Sait İskender,Dining,World Cuisine,41.0089182,28.9564943,Fatih,09:00-22:00,Medium
Barbeku Restoran,Dining,World Cuisine,41.0081942,28.9538174,Fatih,09:00-22:00,Medium
Melodi Restaurant,Dining,World Cuisine,41.0085755,28.9542887,Fatih,09:00-22:00,Medium
Martini lokantası,Dining,World Cuisine,41.0086606,28.9540968,Fatih,09:00-22:00,Medium
Doce Kebap,Dining,World Cuisine,41.0095615,28.9664858,Fatih,09:00-22:00,Medium
Öz Yumak,Dining,World Cuisine,41.0093945,28.96666,Fatih,09:00-22:00,Medium
Osmanlızade,Dining,World Cuisine,41.0092964,28.9671804,Fatih,09:00-22:00,Medium
Seos Cafe Restaurant,Dining,World Cuisine,41.0096045,28.9665299,Fatih,09:00-22:00,Medium
Paşa Döner,Dining,World Cuisine,41.0093961,28.9666078,Fatih,09:00-22:00,Medium
Kelkit Döneri,Dining,World Cuisine,41.0093045,28.9670695,Fatih,09:00-22:00,Medium
Cihan Derya Balık,Dining,World Cuisine,41.0095836,28.9672009,Fatih,09:00-22:00,Medium
Emir sultan,Dining,World Cuisine,41.0002746,28.9304806,Fatih,09:00-22:00,Medium
Merdane Börek,Dining,World Cuisine,41.0019993,28.9300646,Fatih,09:00-22:00,Medium
Seyran Pastaneleri,Dining,World Cuisine,41.0032831,28.9302926,Fatih,09:00-22:00,Medium
Paşa Döner,Dining,World Cuisine,41.0033616,28.9305146,Fatih,09:00-22:00,Medium
Şenol,Dining,World Cuisine,41.0034208,28.9307217,Fatih,09:00-22:00,Medium
Birbey Lahmacun,Dining,World Cuisine,41.00353,28.9309765,Fatih,09:00-22:00,Medium
Yaman Dondurma,Dining,World Cuisine,41.0040496,28.9325671,Fatih,09:00-22:00,Medium
Nizam Usta,Dining,World Cuisine,41.0041375,28.9328796,Fatih,09:00-22:00,Medium
Şeyh Seyyid Seyfullah Hz.,Other,General,41.0071684,28.9269866,Fatih,09:00-22:00,Low
Elif Pastanesi,Dining,World Cuisine,41.00709,28.9275113,Fatih,09:00-22:00,Medium
Mir Börek Cafe,Dining,World Cuisine,41.0080999,28.9313666,Fatih,09:00-22:00,Medium
Şölen Pastaneleri,Dining,World Cuisine,41.0084024,28.9313593,Fatih,09:00-22:00,Medium
Gaziantep'li Künefeci Ömer Usta,Dining,World Cuisine,41.010287,28.9315578,Fatih,09:00-22:00,Medium
Avcı Kebap,Dining,World Cuisine,41.0100112,28.9315612,Fatih,09:00-22:00,Medium
Mırra Kahvaltı Salonu,Dining,World Cuisine,41.0098326,28.931584,Fatih,09:00-22:00,Medium
Başaran Yufka Ve Manti,Dining,World Cuisine,41.0071384,28.9289647,Fatih,09:00-22:00,Medium
Beyaz Saray Dondurma Ve Boza,Dining,World Cuisine,41.0070222,28.9313778,Fatih,09:00-22:00,Medium
Crazy Chicken,Dining,World Cuisine,41.0069311,28.9314174,Fatih,09:00-22:00,Medium
KEBAPCI CAHIT USTA,Dining,World Cuisine,41.0069679,28.9353297,Fatih,09:00-22:00,Medium
Pilavcı 1453,Dining,World Cuisine,41.0074125,28.9366246,Fatih,09:00-22:00,Medium
Baloon,Dining,World Cuisine,41.0081521,28.9369986,Fatih,09:00-22:00,Medium
Gaziantep Zahter Sofrası,Dining,World Cuisine,41.0086721,28.937265,Fatih,09:00-22:00,Medium
Ada Balık Evim,Dining,World Cuisine,41.00936,28.9376007,Fatih,09:00-22:00,Medium
Goralı 1945,Dining,World Cuisine,41.0108172,28.9383215,Fatih,09:00-22:00,Medium
Evrim Restoran,Dining,World Cuisine,41.0108892,28.9383085,Fatih,09:00-22:00,Medium
Pilavcı Nazmi,Dining,World Cuisine,41.0098688,28.9313508,Fatih,09:00-22:00,Medium
Osmanlı Tulumba ve Baklava,Dining,World Cuisine,41.0101037,28.9313727,Fatih,09:00-22:00,Medium
Feyzi Usta Kadayıf ve Baklavaları,Dining,World Cuisine,41.0102753,28.931374,Fatih,09:00-22:00,Medium
Sürpriz Büfe,Dining,World Cuisine,41.0110383,28.9367624,Fatih,09:00-22:00,Medium
Tatlıbak,Dining,World Cuisine,41.0110815,28.9315987,Fatih,09:00-22:00,Medium
Karadeniz Pide-Börek Salonu,Dining,World Cuisine,41.0115902,28.9273496,Fatih,09:00-22:00,Medium
Karadeniz Yayla Lokantası,Dining,World Cuisine,41.0104858,28.9289207,Fatih,09:00-22:00,Medium
Kalite Börek Salonu,Dining,World Cuisine,41.0102358,28.9290631,Fatih,09:00-22:00,Medium
Meydan Kahvaltı,Dining,World Cuisine,41.0094948,28.9310097,Fatih,09:00-22:00,Medium
URFA SOFRASI HASAN USTA,Dining,World Cuisine,41.0085116,28.9307592,Fatih,09:00-22:00,Medium
Hira Kebap ve Dürüm Evi,Dining,World Cuisine,41.0072065,28.9286683,Fatih,09:00-22:00,Medium
Elif Büfe,Dining,World Cuisine,41.0089954,28.9312516,Fatih,09:00-22:00,Medium
Tadım Unlu Mamulleri,Dining,World Cuisine,41.0086488,28.9312299,Fatih,09:00-22:00,Medium
Al Baron Restaurant,Dining,World Cuisine,41.0084021,28.9367486,Fatih,09:00-22:00,Medium
Nazlı Urfa Kebap Salonu,Dining,World Cuisine,41.009018,28.9314305,Fatih,09:00-22:00,Medium
köşem büfe,Dining,World Cuisine,41.0095557,28.9361537,Fatih,09:00-22:00,Medium
Balkan Dondurma,Dining,World Cuisine,41.0095345,28.9366935,Fatih,09:00-22:00,Medium
Avcı Kebap,Dining,World Cuisine,41.0100403,28.9316234,Fatih,09:00-22:00,Medium
Çarşıkapı Muhallebicisi 1984,Dining,World Cuisine,41.0099667,28.9699649,Fatih,09:00-22:00,Medium
Susamoğl Baklava,Dining,World Cuisine,41.01165,28.96854,Fatih,09:00-22:00,Medium
Elif Büfe,Dining,World Cuisine,41.0117056,28.9684796,Fatih,09:00-22:00,Medium
Çarşı Ocakbaşı,Dining,World Cuisine,41.0118274,28.9683275,Fatih,09:00-22:00,Medium
Osmanli Kanat Ve Balik,Dining,World Cuisine,41.0118684,28.9682772,Fatih,09:00-22:00,Medium
Vitamin Et Lokantası,Dining,World Cuisine,41.0120405,28.9681678,Fatih,09:00-22:00,Medium
Samsun Bafra Pide ve Pizza,Dining,World Cuisine,41.0120998,28.9681337,Fatih,09:00-22:00,Medium
Pirim Pub ve Restaurant,Dining,World Cuisine,41.0089747,28.9541871,Fatih,09:00-22:00,Medium
Aksu Restaurant,Dining,World Cuisine,41.0078934,28.9542311,Fatih,09:00-22:00,Medium
Ararat Restoran,Dining,World Cuisine,41.0075681,28.9541735,Fatih,09:00-22:00,Medium
selam restaurant,Dining,World Cuisine,41.0195425,28.9473688,Fatih,09:00-22:00,Medium
buhara börek,Dining,World Cuisine,41.0212761,28.9451786,Fatih,09:00-22:00,Medium
Ağa Türk Mutfağı,Dining,World Cuisine,41.0212204,29.0170815,Üsküdar,09:00-22:00,Medium
Eggstra,Dining,World Cuisine,41.048208,29.0055987,Beşiktaş,09:00-22:00,Medium
Pera Thai,Dining,Thai,41.0281401,28.9728501,Beyoğlu,09:00-22:00,High
Bosnjak,Dining,World Cuisine,41.0257897,28.9812173,Beyoğlu,09:00-22:00,Medium
Doğa kır lokantası,Dining,Breakfast;Grill;Tea;Sausage;Beef_Bowl;Steak_House;Chicken;Barbecue,41.232583,28.7008902,Arnavutköy,Mo-Su 09:00-23:00,High
2K Chicken,Dining,World Cuisine,41.0168128,28.9704318,Fatih,09:00-22:00,Medium
Ortaklar Kebab Lahmacun,Dining,Chicken;Kebab;Local;Turkish,41.0072732,28.9722043,Fatih,Mo-Su 10:30-01:00,Medium
TRIA ELEGANCE TERRACE RESTAURANT,Dining,Turkish,41.0056813,28.9810203,Fatih,Tu-Su 13:00-23:00,Medium
21,Dining,International,41.0300075,28.9837636,Beyoğlu,Mo-Su 09:00-04:00,Medium
Sevgi Bahçesi,Dining,Turkish,41.1136055,29.0603761,Beykoz,09:00-22:00,Medium
Orient Express Restaurant,Dining,Turkish,41.0152104,28.9774236,Beyoğlu,09:00-22:00,Medium
Pasta Nini,Dining,World Cuisine,41.025812,28.9804963,Beyoğlu,09:00-22:00,Medium
Kuzguncuk Balıkçısı,Dining,World Cuisine,41.0359901,29.0299131,Üsküdar,09:00-22:00,Medium
Gulhane Sark Sofrasi,Dining,World Cuisine,41.0107226,28.9776533,Fatih,Mo-Su 11:00-01:30,Medium
Selam Et Lokantası,Dining,World Cuisine,41.0195404,28.9473668,Fatih,09:00-22:00,Medium
Sedet İskender,Dining,World Cuisine,41.0184729,28.9484939,Fatih,09:00-22:00,Medium
Ziya Şark Sofrası,Dining,World Cuisine,41.0193402,28.9476177,Fatih,09:00-22:00,Medium
Almanar,Dining,World Cuisine,41.0171502,28.9429366,Fatih,09:00-22:00,Medium
Diver,Dining,World Cuisine,41.0195209,28.9469904,Fatih,09:00-22:00,Medium
Akdeniz Büfe,Dining,World Cuisine,41.0188721,28.9462887,Fatih,09:00-22:00,Medium
Affouri,Dining,World Cuisine,41.0170493,28.9425677,Fatih,09:00-22:00,Medium
Gülbenoğlu,Dining,World Cuisine,41.0176566,28.9437632,Fatih,09:00-22:00,Medium
Saitoğulları,Dining,World Cuisine,41.0176229,28.9436918,Fatih,09:00-22:00,Medium
Kuzey Büfe,Dining,World Cuisine,41.0171125,28.9428638,Fatih,09:00-22:00,Medium
Renk büfe,Dining,World Cuisine,41.0177681,28.9443964,Fatih,09:00-22:00,Medium
hacielaziz chikoftaci,Dining,World Cuisine,41.0201505,28.9414538,Fatih,09:00-22:00,Medium
Falafel alshalal,Dining,World Cuisine,41.0202381,28.9416146,Fatih,09:00-22:00,Medium
Musilli,Dining,World Cuisine,41.020329,28.9417893,Fatih,09:00-22:00,Medium
Keifine gore felafel,Dining,World Cuisine,41.0204309,28.9419696,Fatih,09:00-22:00,Medium
Saruja Restaurant,Dining,World Cuisine,41.0205379,28.9421472,Fatih,09:00-22:00,Medium
Debs ve Remman,Dining,World Cuisine,41.0206789,28.9423445,Fatih,09:00-22:00,Medium
Meshur sariyer,Dining,World Cuisine,41.0207885,28.9425373,Fatih,09:00-22:00,Medium
Hirka-i sherif,Dining,World Cuisine,41.0211684,28.9432162,Fatih,09:00-22:00,Medium
Antep sofrasi,Dining,World Cuisine,41.0212349,28.9433025,Fatih,09:00-22:00,Medium
Alamin,Dining,World Cuisine,41.0198495,28.9455628,Fatih,09:00-22:00,Medium
Nam-i lezzet,Dining,World Cuisine,41.0193581,28.9457817,Fatih,09:00-22:00,Medium
Konya Etli Pide,Dining,World Cuisine,41.0205557,28.9448795,Fatih,09:00-22:00,Medium
Nishantashi bufe,Dining,World Cuisine,41.0206752,28.9460993,Fatih,09:00-22:00,Medium
Shif,Dining,World Cuisine,41.0212106,28.9447203,Fatih,09:00-22:00,Medium
Ozgelis kabab salonu,Dining,World Cuisine,41.0216539,28.9446418,Fatih,09:00-22:00,Medium
Fatih durum,Dining,World Cuisine,41.0218327,28.9446445,Fatih,09:00-22:00,Medium
Buhara,Dining,World Cuisine,41.0212977,28.9452578,Fatih,09:00-22:00,Medium
Patii dunyasi,Dining,World Cuisine,41.0216899,28.9440996,Fatih,09:00-22:00,Medium
Balik evi,Dining,World Cuisine,41.0219955,28.9446314,Fatih,09:00-22:00,Medium
Layali assalihya,Dining,World Cuisine,41.0165771,28.9455977,Fatih,09:00-22:00,Medium
Ali baba,Dining,World Cuisine,41.0186029,28.9465284,Fatih,09:00-22:00,Medium
Oses,Dining,World Cuisine,41.0174049,28.9464426,Fatih,09:00-22:00,Medium
Şerifoglu,Dining,World Cuisine,41.0175506,28.947258,Fatih,09:00-22:00,Medium
Pesto restorant,Dining,World Cuisine,41.0173031,28.9455147,Fatih,09:00-22:00,Medium
Hayat lokantasi,Dining,World Cuisine,41.0164193,28.9487198,Fatih,09:00-22:00,Medium
adiyaman çikoftecisi,Dining,World Cuisine,41.0164496,28.9488029,Fatih,09:00-22:00,Medium
Hacilaziz,Dining,World Cuisine,41.0165529,28.9459303,Fatih,09:00-22:00,Medium
Çagdash lokanta,Dining,World Cuisine,41.0169525,28.9457117,Fatih,09:00-22:00,Medium
Pesto restorant,Dining,World Cuisine,41.0172596,28.9454517,Fatih,09:00-22:00,Medium
Paşalar sofrasi,Dining,World Cuisine,41.0178379,28.944844,Fatih,09:00-22:00,Medium
Kozde kebap,Dining,World Cuisine,41.0179435,28.9419327,Fatih,09:00-22:00,Medium
Oses,Dining,World Cuisine,41.0162473,28.9446831,Fatih,09:00-22:00,Medium
Erzurum Cağ Kebap,Dining,World Cuisine,41.0157246,28.9428907,Fatih,09:00-22:00,Medium
Kebabçı Mahmut,Dining,World Cuisine,41.0154819,28.9431514,Fatih,09:00-22:00,Medium
Ahsen hatay sofrasi,Dining,World Cuisine,41.0152406,28.9435193,Fatih,09:00-22:00,Medium
Fındık Kabuğu Restoran,Dining,World Cuisine,41.0318438,28.948907,Fatih,09:00-22:00,Medium
Özkaradeniz,Dining,World Cuisine,41.0262321,28.9482774,Fatih,09:00-22:00,Medium
Zeman alkheir,Dining,World Cuisine,41.0280454,28.9463818,Fatih,09:00-22:00,Medium
ipar pasta evi,Dining,World Cuisine,41.0158401,28.9692484,Fatih,09:00-22:00,Medium
İshakpaşa Sofrası,Dining,World Cuisine,41.0159446,28.9695369,Fatih,09:00-22:00,Medium
Filibe Köfte,Dining,World Cuisine,41.0166664,28.9693259,Fatih,09:00-22:00,Medium
Cafe Truva,Dining,World Cuisine,41.0170822,28.9680169,Fatih,09:00-22:00,Medium
Tahtekale Pılavcısı,Dining,World Cuisine,41.0172412,28.9681365,Fatih,09:00-22:00,Medium
Acemoğlu Beklavaları,Dining,World Cuisine,41.0172972,28.9688479,Fatih,09:00-22:00,Medium
Hatay Asi Künefeleri,Dining,World Cuisine,41.0172599,28.9689292,Fatih,09:00-22:00,Medium
Meşhur Hasırcılar Ocakbaşı Dürüm,Dining,World Cuisine,41.0170513,28.9693028,Fatih,09:00-22:00,Medium
Dilek Züccaciye Eminönü,Dining,World Cuisine,41.0164299,28.9701804,Fatih,09:00-22:00,Medium
Meşhur Miss Döner,Dining,World Cuisine,41.0161462,28.970226,Fatih,09:00-22:00,Medium
Meşhur Tahtakale Pilavcısı,Dining,World Cuisine,41.0155769,28.9697934,Fatih,09:00-22:00,Medium
Simit Salonu,Dining,World Cuisine,41.0155132,28.9697474,Fatih,09:00-22:00,Medium
Kale Derya,Dining,World Cuisine,41.0028319,28.9707968,Fatih,09:00-22:00,Medium
Çatladıkapı Sosyal Tesisleri,Dining,Turkish,41.0017958,28.9735089,Fatih,Mo-Su 08:30-22:00,Medium
Myterrace Cafe & Restaurant,Dining,Turkish,41.0048505,28.9730349,Fatih,Mo-Su 09:00-00:00,Medium
Garden 1897 Restaurant,Dining,World Cuisine,41.004117,28.9725286,Fatih,09:00-22:00,Medium
Warung Ibu Deden Restaurant,Dining,Indonesian,41.0037247,28.9742295,Fatih,09:00-22:00,Medium
Belli Resturant,Dining,World Cuisine,41.0028616,28.975288,Fatih,09:00-22:00,Medium
Marbella Cafe ve Restaurant,Dining,World Cuisine,41.0026983,28.9742016,Fatih,09:00-22:00,Medium
Karina Fish House,Dining,World Cuisine,41.0029863,28.9752679,Fatih,09:00-22:00,Medium
Mevlana Kebap Salonu,Dining,World Cuisine,41.0036826,28.9693759,Fatih,09:00-22:00,Medium
Mitara Cafe,Dining,World Cuisine,41.0036249,28.9733046,Fatih,09:00-22:00,Medium
Alice,Dining,World Cuisine,41.0036243,28.9728193,Fatih,09:00-22:00,Medium
Ziya Baba Slow Food,Dining,World Cuisine,41.0036754,28.9719905,Fatih,09:00-22:00,Medium
Reggae BR Shot and Food,Dining,World Cuisine,41.003813,28.9719115,Fatih,09:00-22:00,Medium
Ezgi restaurant,Dining,World Cuisine,41.0042098,28.9715724,Fatih,09:00-22:00,Medium
Ayasofya Liman Restorant,Dining,World Cuisine,41.0043434,28.9714544,Fatih,09:00-22:00,Medium
Kadırga Resturant,Dining,World Cuisine,41.0045189,28.9714465,Fatih,09:00-22:00,Medium
Sofya Kebab House,Dining,World Cuisine,41.0047251,28.9709722,Fatih,09:00-22:00,Medium
Şafak Restaurant,Dining,World Cuisine,41.0036486,28.9748747,Fatih,09:00-22:00,Medium
Hippodrome Restaurant,Dining,World Cuisine,41.0033898,28.9747779,Fatih,09:00-22:00,Medium
Mosaic Terrace Restaurant,Dining,World Cuisine,41.0034498,28.9743309,Fatih,09:00-22:00,Medium
Chungiwa,Dining,World Cuisine,41.0034134,28.9742102,Fatih,09:00-22:00,Medium
Şirvan Şark Sofrası,Dining,World Cuisine,41.0029061,28.9734128,Fatih,09:00-22:00,Medium
Tarihi Çesme Restaurant,Dining,World Cuisine,41.003512,28.9722284,Fatih,09:00-22:00,Medium
Altin Cafe ve Restaurant,Dining,World Cuisine,41.0032489,28.9721103,Fatih,09:00-22:00,Medium
Mehmet Efendi Çeşmesi,Other,General,41.0031805,28.9720795,Fatih,09:00-22:00,Low
Öz Karadeniz,Dining,World Cuisine,41.0107351,28.9724191,Fatih,09:00-22:00,Medium
Çeşme Döner Büfe,Dining,World Cuisine,41.0114936,28.9720578,Fatih,09:00-22:00,Medium
Hacı Ali Usta,Dining,World Cuisine,41.0106439,28.9727555,Fatih,09:00-22:00,Medium
Pera Spa,Other,General,41.0105966,28.9731818,Fatih,09:00-22:00,Low
TAHTA KAŞIK RESTAURANT,Dining,World Cuisine,41.0107516,28.9736609,Fatih,09:00-22:00,Medium
Yörem Et ve İskender Salonu,Dining,World Cuisine,41.010738,28.9737812,Fatih,09:00-22:00,Medium
Cemiyet Lokali,Dining,World Cuisine,41.0110378,28.9743927,Fatih,09:00-22:00,Medium
Meshur Üsküp Köftecisi,Dining,World Cuisine,41.0090423,28.968745,Fatih,09:00-22:00,Medium
Kardeşler Köftecisi,Dining,World Cuisine,41.0093304,28.9694647,Fatih,09:00-22:00,Medium
Kebapçı Şahin Usta,Dining,World Cuisine,41.0095262,28.9699586,Fatih,09:00-22:00,Medium
Karadeniz Pide Salonu,Dining,World Cuisine,41.0091572,28.9704719,Fatih,09:00-22:00,Medium
Kasap Kebap,Dining,World Cuisine,41.0093902,28.9704379,Fatih,09:00-22:00,Medium
EHLI KEBAP,Dining,World Cuisine,41.0094467,28.9703145,Fatih,09:00-22:00,Medium
Şehmuz Kebap Salonu,Dining,World Cuisine,41.0089067,28.9697266,Fatih,09:00-22:00,Medium
Çemberlitaş Aksoy Dönercisi,Dining,Kebab;Turkish,41.008682,28.9695278,Fatih,09:00-22:00,Medium
Makarna Sarayı,Dining,World Cuisine,41.0086854,28.9714945,Fatih,09:00-22:00,Medium
Çemberlitaş Köftecisi,Dining,World Cuisine,41.0088945,28.9714053,Fatih,09:00-22:00,Medium
Dehliz Restaurant,Dining,World Cuisine,41.0092411,28.9712879,Fatih,09:00-22:00,Medium
KOSEM,Dining,World Cuisine,41.0093688,28.9712883,Fatih,09:00-22:00,Medium
Mescgur Sariyer Börekçisi,Dining,World Cuisine,41.0094124,28.9712693,Fatih,09:00-22:00,Medium
Bursa Gül Lokantası,Dining,World Cuisine,41.0095292,28.9712379,Fatih,09:00-22:00,Medium
Aslan,Dining,World Cuisine,41.0098134,28.9712918,Fatih,09:00-22:00,Medium
Gül Tantik,Dining,World Cuisine,41.0097819,28.9720836,Fatih,09:00-22:00,Medium
Otantik Karaca Kardelen,Dining,World Cuisine,41.009496,28.9725918,Fatih,09:00-22:00,Medium
Ottoman et Mangal,Dining,World Cuisine,41.0096823,28.9701504,Fatih,09:00-22:00,Medium
Tarihi Sofçuhan Muhallebicisi,Dining,World Cuisine,41.0097996,28.9699626,Fatih,09:00-22:00,Medium
Sütiş Special,Dining,World Cuisine,41.0099544,28.9700533,Fatih,09:00-22:00,Medium
Vejetaryen Mutfak,Dining,World Cuisine,41.0107748,28.9703903,Fatih,09:00-22:00,Medium
Tarihi Subaşı Lokantası,Dining,World Cuisine,41.0106207,28.9699663,Fatih,09:00-22:00,Medium
Dönerci Şahin Usta,Dining,World Cuisine,41.010689,28.9700096,Fatih,09:00-22:00,Medium
Nuruosmaniye Köftecisi,Dining,World Cuisine,41.0091042,28.9726147,Fatih,09:00-22:00,Medium
Karacadağ Sofrası,Dining,World Cuisine,41.0050866,28.9645751,Fatih,09:00-22:00,Medium
Kaçkar Saray Büfe,Dining,World Cuisine,41.0049743,28.9650277,Fatih,09:00-22:00,Medium
Hira Lokantası,Dining,World Cuisine,41.0048324,28.9656489,Fatih,09:00-22:00,Medium
Karababa Türbesi,Other,General,41.0083008,28.9692078,Fatih,09:00-22:00,Low
Merzifonlu Kara Mustafa Paşa Medresesi,Other,General,41.008669,28.9679366,Fatih,09:00-22:00,Low
Göçmen Börekçisi,Dining,World Cuisine,41.0086985,28.967437,Fatih,09:00-22:00,Medium
Şar Restaurant,Dining,World Cuisine,41.0087794,28.9670656,Fatih,09:00-22:00,Medium
Koska,Dining,World Cuisine,41.0087389,28.9672766,Fatih,09:00-22:00,Medium
Divan Kebap Döner Salonu,Dining,World Cuisine,41.006975,28.9653677,Fatih,09:00-22:00,Medium
Özhanedan,Dining,World Cuisine,41.0067464,28.965294,Fatih,09:00-22:00,Medium
Özbek Taomlari Lezzet,Dining,World Cuisine,41.0053512,28.964611,Fatih,09:00-22:00,Medium
Beydağı,Dining,World Cuisine,41.0112745,28.9707805,Fatih,09:00-22:00,Medium
Dürümcü Ömer Usta,Dining,World Cuisine,41.0111933,28.9707987,Fatih,09:00-22:00,Medium
Dürümcü Raif Usta,Dining,World Cuisine,41.0109619,28.9709452,Fatih,09:00-22:00,Medium
Doydukmu,Dining,World Cuisine,41.0094376,28.9678736,Fatih,09:00-22:00,Medium
Beyazit Sarayi Restorant,Dining,World Cuisine,41.0093912,28.9674726,Fatih,09:00-22:00,Medium
Saaf-İ Kebap Salonu,Dining,World Cuisine,41.0097765,28.9677991,Fatih,09:00-22:00,Medium
Gelgör Kebap Salonu,Dining,World Cuisine,41.0098149,28.9681472,Fatih,09:00-22:00,Medium
Mardin Et Ve Kebap Salonu,Dining,World Cuisine,41.0098371,28.9686074,Fatih,09:00-22:00,Medium
Bolca Köfte Ve Piliç Çevirme,Dining,World Cuisine,41.0096676,28.9682524,Fatih,09:00-22:00,Medium
Karadeniz Köfte ve Yemek Salonu,Dining,World Cuisine,41.0096694,28.9684553,Fatih,09:00-22:00,Medium
Cennet Ev Yemekleri,Dining,World Cuisine,41.0097248,28.9689342,Fatih,09:00-22:00,Medium
Alrayan Restaurant,Dining,World Cuisine,41.0096924,28.9691233,Fatih,09:00-22:00,Medium
Ciğerci Üçleri,Dining,World Cuisine,41.0095151,28.9685724,Fatih,09:00-22:00,Medium
Orhan Usta Et Lokantası,Dining,World Cuisine,41.0095789,28.9684679,Fatih,09:00-22:00,Medium
Unsal Kebap,Dining,World Cuisine,41.0095899,28.9683238,Fatih,09:00-22:00,Medium
Yıldız Kebap,Dining,World Cuisine,41.0092653,28.9679397,Fatih,09:00-22:00,Medium
Tadım Köfte Salonu,Dining,World Cuisine,41.0092346,28.9676869,Fatih,09:00-22:00,Medium
Al Rayan Restoran,Dining,World Cuisine,41.0091458,28.9675026,Fatih,09:00-22:00,Medium
Çorlulu Alipaşa Madresesi,Other,General,41.0089122,28.9683181,Fatih,09:00-22:00,Low
Bosna,Dining,World Cuisine,41.0088041,28.968532,Fatih,09:00-22:00,Medium
Güloğlu Baklava ve Börek Salonu,Dining,World Cuisine,41.0079797,28.9672259,Fatih,09:00-22:00,Medium
Şar Restaurant,Dining,World Cuisine,41.0080947,28.9672632,Fatih,09:00-22:00,Medium
Istanbul Restaurant,Dining,World Cuisine,41.0081998,28.9672986,Fatih,09:00-22:00,Medium
Aslı Börek,Dining,World Cuisine,41.0082783,28.9673292,Fatih,09:00-22:00,Medium
Fatih Köfte,Dining,World Cuisine,41.0083211,28.9674997,Fatih,09:00-22:00,Medium
Vaha Cafe ve Restaurant,Dining,World Cuisine,41.0080073,28.9675979,Fatih,09:00-22:00,Medium
Bıçakçılar,Dining,World Cuisine,41.0079381,28.9674805,Fatih,09:00-22:00,Medium
Amcabey Dürüm Kebap Salonu,Dining,World Cuisine,41.007999,28.9678293,Fatih,09:00-22:00,Medium
Antakya Restaurant,Dining,World Cuisine,41.0084293,28.9683183,Fatih,09:00-22:00,Medium
Anatolia Restaurant,Dining,World Cuisine,41.0084191,28.9681225,Fatih,09:00-22:00,Medium
Gaziantepli Altınoğlu Baklava,Dining,World Cuisine,41.0078967,28.9670915,Fatih,09:00-22:00,Medium
Aziz Usta,Dining,World Cuisine,41.0077988,28.9667563,Fatih,09:00-22:00,Medium
Anar Kardeşler Köftecisi,Dining,Turkish,41.0084969,28.9671567,Fatih,09:00-22:00,Medium
Meşhur Unkapanı Pilavcısı,Dining,World Cuisine,41.0084058,28.9670736,Fatih,09:00-22:00,Medium
Özen Lokantası,Dining,World Cuisine,41.0086456,28.9661959,Fatih,09:00-22:00,Medium
İkizler Pilav ve Dürüm Evi,Dining,World Cuisine,41.0049701,28.965105,Fatih,09:00-22:00,Medium
Şehzade Ocakbaşı Restaurant,Dining,World Cuisine,41.005648,28.9652234,Fatih,09:00-22:00,Medium
Elif Köfte Salonu,Dining,World Cuisine,41.0056941,28.9659328,Fatih,09:00-22:00,Medium
Delil Döner,Dining,World Cuisine,41.0062562,28.9652996,Fatih,09:00-22:00,Medium
Konya Etli Ekmek Salonu,Dining,World Cuisine,41.0067626,28.9662477,Fatih,09:00-22:00,Medium
Gür Kebap,Dining,World Cuisine,41.0066173,28.9665346,Fatih,09:00-22:00,Medium
Altın Şiş Kebap Salonu,Dining,World Cuisine,41.0066954,28.9678306,Fatih,09:00-22:00,Medium
Develi Pide Salonu,Dining,World Cuisine,41.006652,28.9673223,Fatih,09:00-22:00,Medium
Köşem,Dining,World Cuisine,41.0067076,28.9671413,Fatih,09:00-22:00,Medium
Fırat Ocakbaşı,Dining,World Cuisine,41.0070071,28.9655281,Fatih,09:00-22:00,Medium
Meşhur Pilavcı,Dining,World Cuisine,41.0122895,28.9692274,Fatih,09:00-22:00,Medium
Yılmaz Köfte,Dining,World Cuisine,41.0124788,28.9681256,Fatih,09:00-22:00,Medium
Fahri Usta,Dining,World Cuisine,41.0111857,28.9693503,Fatih,09:00-22:00,Medium
Közde Kanatçı Reco,Dining,World Cuisine,41.0127526,28.9676216,Fatih,09:00-22:00,Medium
Tarihi Eminönü Balıkçısı,Dining,World Cuisine,41.0190624,28.9651638,Fatih,09:00-22:00,Medium
Eminönü Balikçisi ve Cafe,Dining,World Cuisine,41.0190298,28.9652517,Fatih,09:00-22:00,Medium
Küffette Köfte,Dining,World Cuisine,41.0189538,28.9653798,Fatih,09:00-22:00,Medium
Tarihi Özkan Koftecisi,Dining,World Cuisine,41.0173357,28.9680769,Fatih,09:00-22:00,Medium
Hasırcılar Kebap Salonu,Dining,World Cuisine,41.0182095,28.9674986,Fatih,09:00-22:00,Medium
Mavi Haliç Pide Salonu,Dining,World Cuisine,41.0179695,28.9675892,Fatih,09:00-22:00,Medium
Köfteci Yaşar,Dining,World Cuisine,41.0179851,28.9685272,Fatih,09:00-22:00,Medium
Golden Night,Dining,World Cuisine,41.0193455,28.9673196,Fatih,09:00-22:00,Medium
Arsemia Çiğköfte,Dining,Turkish,41.0407224,29.1829982,Çekmeköy,09:00-22:00,Medium
Çiğköfteci Ömer Usta,Dining,World Cuisine,41.0409687,29.1819764,Çekmeköy,09:00-22:00,Medium
Namlı Gurme,Dining,World Cuisine,41.177522,28.887214,Sultangazi,09:00-22:00,Medium
Limon Çiçeği Restaurant,Dining,World Cuisine,41.0308276,29.1723924,Çekmeköy,Mo-Su 07:00-22:00,Medium
Nevazen Türk Mutfağı,Dining,World Cuisine,41.0013112,29.1639613,Çekmeköy,09:00-22:00,Medium
Pasa Limani Restoran Cafe,Dining,World Cuisine,41.0335673,29.025242,Üsküdar,09:00-22:00,Medium
Eroğlu Aile İşkembe Salonu,Dining,World Cuisine,41.015649,29.1902072,Çekmeköy,09:00-22:00,Medium
Şirin Mutfak Ev Yemekleri,Dining,World Cuisine,41.0167883,29.1904567,Çekmeköy,09:00-22:00,Medium
Mia Mensa,Dining,Italian;Pizza;Seafood,41.0580865,29.0361146,Beşiktaş,09:00-22:00,Medium
Girne,Dining,World Cuisine,41.0665794,28.8952761,Bayrampaşa,09:00-22:00,Medium
Galata Sembol Balık,Dining,Fish,41.0185356,28.9723439,Beyoğlu,09:00-22:00,Medium
Çekmeköy Nefist Döner,Dining,Turkish,41.0324329,29.1812866,Çekmeköy,Mo-Su 08:00-20:00,Medium
Dilek Restaurant,Dining,World Cuisine,41.0585641,28.9141138,Gaziosmanpaşa,09:00-22:00,Medium
Karadeniz Güveç ve Pide Salonu,Dining,Turkish,41.0594539,28.9136071,Gaziosmanpaşa,09:00-22:00,Medium
Roma Restaurant,Dining,Ice_Cream,41.0611453,28.9137531,Gaziosmanpaşa,09:00-22:00,Medium
Hacıoğlu,Dining,World Cuisine,41.0572174,28.9138068,Gaziosmanpaşa,09:00-22:00,Medium
Necdet Usta Sofrası,Dining,Turkish,41.0576476,28.9126727,Gaziosmanpaşa,09:00-22:00,Medium
Ali Baba,Dining,World Cuisine,41.0568662,28.9114035,Gaziosmanpaşa,09:00-22:00,Medium
ArtSmyrna Cafe & Gallery,Dining,World Cuisine,41.0255517,28.9753044,Beyoğlu,Mo-Su 09:00-00:00,Medium
Elif Kokoreç,Dining,Turkish,41.0337545,29.1752639,Çekmeköy,09:00-22:00,Medium
Altaş Et Mangal,Dining,Turkish,41.0338131,29.1752672,Çekmeköy,09:00-22:00,Medium
Faruk Güllüoğlu,Dining,World Cuisine,41.1069848,28.8600048,Sultangazi,09:00-22:00,Medium
Öztürkler Şark Sofrası,Dining,Kebab,41.1078495,28.8631869,Sultangazi,09:00-22:00,Medium
Sultan Şark Sofrası,Dining,Turkish,41.1004848,28.863278,Sultangazi,09:00-22:00,Medium
Saray Şark Sofrası,Dining,World Cuisine,41.10672,28.8605824,Sultangazi,09:00-22:00,Medium
Antepli,Dining,World Cuisine,41.0595076,28.9131589,Gaziosmanpaşa,09:00-22:00,Medium
Çorbacı Müdavim,Dining,Turkish,41.0976741,28.8629365,Sultangazi,24/7,Medium
Karadeniz Salonu,Dining,Turkish,41.10052,28.8627422,Sultangazi,09:00-22:00,Medium
Fatih Sultan Mehmet Heykeli,History & Culture,Historical Building,41.0353157,28.9184913,Eyüpsultan,09:00-22:00,Low
Raguba,Dining,World Cuisine,41.1353928,28.8301941,Başakşehir,09:00-22:00,Medium
Ailem,Dining,World Cuisine,41.1126999,28.8572125,Sultangazi,09:00-22:00,Medium
Raguba Restaurant,Dining,World Cuisine,41.1322008,28.8346101,Başakşehir,09:00-22:00,Medium
İbrahim Ocak Şark Sofrası,Dining,World Cuisine,41.1329332,28.8275016,Başakşehir,09:00-22:00,Medium
Pilavcı Baba,Dining,World Cuisine,41.1076089,28.8623282,Sultangazi,09:00-22:00,Medium
Köfte Manyas,Dining,World Cuisine,41.1349573,28.8312104,Başakşehir,09:00-22:00,Medium
Hannevi Restaurant,Dining,World Cuisine,41.1319834,28.8354254,Başakşehir,09:00-22:00,Medium
Ali Baba,Dining,World Cuisine,41.1074869,28.8615807,Sultangazi,09:00-22:00,Medium
Ye Döner,Dining,Chicken,41.1050914,28.8634034,Sultangazi,09:00-22:00,Medium
Merakli,Dining,World Cuisine,41.0437662,29.0048855,Beşiktaş,09:00-22:00,Medium
Besin Köfte&Pİyaz,Dining,World Cuisine,41.0609053,28.9840225,Şişli,09:00-22:00,Medium
Cow Statue,History & Culture,Historical Building,41.1081763,29.0342498,Sarıyer,09:00-22:00,Low
Walkway Monuments,History & Culture,Historical Building,41.1063201,29.0280643,Kağıthane,09:00-22:00,Low
Balerin Heykeli,History & Culture,Historical Building,41.1046962,29.0235944,Kağıthane,09:00-22:00,Low
صرافی,Other,General,41.0357451,28.981708,Beyoğlu,09:00-22:00,Low
Çelik Gülersoy Parkı,Nature & Park,Park,41.1608555,29.0443539,Sarıyer,09:00-22:00,Low
مطعم اسماك,Dining,World Cuisine,41.0052399,28.9570365,Fatih,09:00-22:00,Medium
Monochrome,Dining,World Cuisine,41.0581404,28.9806129,Şişli,09:00-22:00,Medium
Kipos Balık,Dining,World Cuisine,41.006998,29.0332846,Kadıköy,09:00-22:00,Medium
Privato Cafe,Dining,Turkish,41.0268623,28.9740831,Beyoğlu,09:00-23:00,Medium
Pilavcı Fevzi,Dining,Rice;Chicken;Turkish,41.0074622,28.9709578,Fatih,09:00-22:00,Medium
Cozy Pub & Restaurant,Dining,World Cuisine,41.0082598,28.9743634,Fatih,09:00-22:00,Medium
Pasha Restaurant,Dining,World Cuisine,41.008259,28.9744269,Fatih,09:00-22:00,Medium
Ehlitat Lokantasi,Dining,Turkish,41.0352918,28.9782857,Beyoğlu,Mo-Su 08:00-00:00,Medium
Kanaat Lokantası,Dining,Turkish,41.0258196,29.0164724,Üsküdar,09:00-22:00,Medium
Zürüm Dürüm,Dining,World Cuisine,41.0436261,29.0041983,Beşiktaş,09:00-22:00,Medium
Beso Restaurant Bistro,Dining,Barbecue;Beef_Bowl;Coffee_Shop;Curry;Fish;Grill;Ice_Cream,41.0086836,28.9740801,Fatih,Mo-Su 11:00-00:55,Medium
Old Istanbul Cuisine,Dining,World Cuisine,41.0102505,28.9756304,Fatih,Mo-Su 10:30-23:55,Medium
Sarayburnu Atatürk Anıtı,History & Culture,Historical Building,41.016263,28.9861325,Beyoğlu,09:00-22:00,Low
The Han,Dining,World Cuisine,41.01016,28.9788576,Fatih,Mo-Su 10:00-23:00,Medium
Cezayirli Gazi Hasan Paşa Anıtı,History & Culture,Historical Building,41.0305744,28.9670993,Beyoğlu,09:00-22:00,Low
Labirent-maze,Other,General,41.0595777,28.9495675,Eyüpsultan,09:00-22:00,Low
Kristal Istanbul,Other,General,41.0606675,28.9478424,Eyüpsultan,09:00-22:00,Low
Miniatürk,Dining,World Cuisine,41.0589395,28.9488253,Eyüpsultan,09:00-22:00,Medium
Orkinos Balıkçısı,Dining,World Cuisine,41.0798656,29.0071929,Kağıthane,09:00-22:00,Medium
Mom's Garden,Dining,Kebab;Fish,41.0046289,28.975054,Fatih,09:00-22:00,Medium
Beyazinci,Dining,World Cuisine,41.0191077,28.9722739,Beyoğlu,09:00-22:00,Medium
Sanat,Dining,World Cuisine,41.0189665,28.9721773,Beyoğlu,09:00-22:00,Medium
Yunus Balık,Dining,Fish,41.0188514,28.9720889,Beyoğlu,09:00-22:00,Medium
Marinero,Dining,World Cuisine,41.0187354,28.9720069,Beyoğlu,09:00-22:00,Medium
Maxigala,Dining,World Cuisine,41.0192303,28.9723694,Beyoğlu,09:00-22:00,Medium
LA SCAPRETTA,Dining,World Cuisine,41.0792689,29.0326327,Beşiktaş,09:00-22:00,Medium
Hünkar,Dining,Turkish,41.0495177,28.9911617,Şişli,09:00-22:00,Medium
Dining street,Dining,World Cuisine,41.0348218,28.9778209,Beyoğlu,09:00-22:00,Medium
Zarafi,Dining,World Cuisine,41.0344408,28.9829509,Beyoğlu,09:00-22:00,Medium
Sans,Dining,Turkish,41.0809906,29.0149292,Levent,11:00-24:00; Su off,Medium
Firuzende,Dining,Turkish,41.0255542,28.9740231,Beyoğlu,09:00-22:00,Medium
Kaktüs Kahvesi,Dining,Coffee_Shop;Breakfast,41.0315457,28.9866154,Beyoğlu,09:00-22:00,Medium
YES Kardesler,Dining,Turkish,41.0529189,29.0003731,Şişli,09:00-22:00,Medium
Lalezar Meyhanesi,Dining,Turkish;Regional;Kebab;Local,41.0440882,28.9894012,Şişli,Mo-Sa 19:00-00:00,Medium
Antiochland Cafe and Restaurant,Dining,World Cuisine,41.0104591,28.9756315,Fatih,09:00-22:00,Medium
Turkart Terrace Restaurant,Dining,World Cuisine,41.0061825,28.980059,Fatih,09:00-22:00,Medium
Armada Teras,Dining,World Cuisine,41.003866,28.9816373,Fatih,09:00-22:00,Medium
Tower,Other,General,41.0349503,28.9390649,Eyüpsultan,09:00-22:00,Low
Buharizade Mustafa Efendi (Itri),Other,General,41.0345631,28.9332608,Eyüpsultan,09:00-22:00,Low
Pizeria Quattro,Dining,Pizza;Italian,41.0342249,28.983521,Beyoğlu,Mo-Su 09:00-22:00,Medium
Akdamar Lokantasi,Dining,Turkish,41.0139426,28.9760271,Fatih,09:00-22:00,Medium
Surp Kevork Kilisesi,Other,General,41.0018646,28.9331468,Fatih,09:00-22:00,Low
Çiçek Pasajı,Other,General,41.0340997,28.9779211,Beyoğlu,09:00-22:00,Low
Mutfak Dili Ev Yemekleri,Dining,Regional;Homecooking,41.0227667,28.9710771,Beyoğlu,09:00-22:00,Medium
Fener Restaurant,Dining,Fish,41.004045,28.9640127,Fatih,Mo-Su 10:00-01:00,Medium
Balkan Lokantası,Dining,World Cuisine,41.0350542,28.9823077,Beyoğlu,09:00-22:00,Medium
Mahmiye,Dining,World Cuisine,41.0085546,28.9761558,Fatih,Mo-Su 10:00-02:00,Medium
Privileged Minority,Dining,World Cuisine,41.1188283,29.0098551,Kağıthane,09:00-22:00,Medium
Musafir,Dining,Indian,41.0400225,28.9853059,Beyoğlu,09:00-22:00,Medium
Tazeler Gıda,Dining,Turkish,41.1288934,29.0460887,Sarıyer,24/7,Medium
Park bufe,Dining,World Cuisine,41.0236993,28.9750293,Beyoğlu,09:00-22:00,Medium
Kebab Restaurant,Dining,World Cuisine,41.0345845,28.982823,Beyoğlu,09:00-22:00,Medium
Güvenç Konyalı,Dining,World Cuisine,41.0143312,28.9754865,Fatih,09:00-22:00,Medium
M-Point Cafe and restaurant,Dining,World Cuisine,41.011198,28.9071639,Zeytinburnu,09:00-22:00,Medium
Lamba Cafe and Restaurant,Dining,World Cuisine,41.011287,28.9069875,Zeytinburnu,09:00-22:00,Medium
Ciğeristan,Dining,World Cuisine,41.0092985,28.9063938,Zeytinburnu,09:00-22:00,Medium
Pizza Pizza,Dining,World Cuisine,41.0125882,28.9098652,Zeytinburnu,09:00-22:00,Medium
Mangal kebap,Dining,World Cuisine,41.0103065,28.9128654,Zeytinburnu,09:00-22:00,Medium
burger shop,Dining,World Cuisine,41.0094019,28.9069649,Zeytinburnu,09:00-22:00,Medium
Güven Konya mutfağı,Dining,World Cuisine,41.0102514,28.9087075,Zeytinburnu,09:00-22:00,Medium
Gidun cafe restaurant,Dining,World Cuisine,41.0105826,28.9080095,Zeytinburnu,09:00-22:00,Medium
Berke Kebap Evi,Dining,World Cuisine,41.0109425,28.9096625,Zeytinburnu,09:00-22:00,Medium
Big Mammas,Dining,World Cuisine,41.0101536,28.9089269,Zeytinburnu,09:00-22:00,Medium
Paşafırını,Dining,World Cuisine,41.0104095,28.9084083,Zeytinburnu,09:00-22:00,Medium
pilavı kâmil Usta,Dining,World Cuisine,41.009655,28.914867,Zeytinburnu,09:00-22:00,Medium
Ekim Et Lokantası,Dining,World Cuisine,41.0129682,28.9099387,Zeytinburnu,09:00-22:00,Medium
Paşa Döner,Dining,World Cuisine,41.0174085,28.9107573,Zeytinburnu,Mo-Su 07:00-20:00,Medium
Zebu Kebab Evi,Dining,World Cuisine,41.0179526,28.911973,Zeytinburnu,Mo-Su 07:00-20:00,Medium
merkez köfte,Dining,World Cuisine,41.009876,28.9128608,Zeytinburnu,09:00-22:00,Medium
Dilek,Dining,World Cuisine,41.0183607,28.9112017,Zeytinburnu,Mo-Fr 08:00-17:00; Mo-Sa 07:30-15:00,Medium
Tavuk Barakat,Dining,World Cuisine,41.0100939,28.9128434,Zeytinburnu,09:00-22:00,Medium
Çınaraltı Kebap,Dining,World Cuisine,41.0211211,28.9022609,Zeytinburnu,09:00-22:00,Medium
Ortaklar Restoran,Dining,World Cuisine,41.0242437,28.9095811,Zeytinburnu,Mo-Su 07:00-20:00,Medium
Ezgim Et,Dining,World Cuisine,41.0185051,28.904082,Zeytinburnu,Mo-Fr 09:00-17:00; Mo-Sa 07:30-15:00,Medium
Gümüşsuyu Et Lokantası,Dining,World Cuisine,41.0214878,28.91023,Zeytinburnu,Mo-Su 07:00-20:00,Medium
Mevlana Pide,Dining,World Cuisine,41.0298114,28.9133207,Zeytinburnu,Mo-Su 07:00-20:00,Medium
Konak Lokantası,Dining,World Cuisine,41.0230781,28.9104823,Zeytinburnu,Mo-Su 07:00-20:00,Medium
Akçaabat Köftecisi,Dining,World Cuisine,41.0180595,28.9112763,Zeytinburnu,Mo-Su 07:00-20:00,Medium
Urfa Dürüm,Dining,World Cuisine,41.0289621,28.9025448,Zeytinburnu,Mo-Su 07:00-20:00,Medium
DAMAK YEMEK ŞÖLENİ,Dining,World Cuisine,41.004564,28.8986073,Zeytinburnu,09:00-22:00,Medium
Bülent Börekçilik,Dining,World Cuisine,41.0040452,28.9072527,Zeytinburnu,Mo-Sa 08:00-20:00,Medium
Demirdağ kebap,Dining,World Cuisine,41.0058068,28.9073766,Zeytinburnu,09:00-22:00,Medium
Ömer Usta Pilavcı,Dining,World Cuisine,41.0038019,28.9041221,Zeytinburnu,Mo-Su 09:00-22:00,Medium
Kebabistan,Dining,World Cuisine,41.0049559,28.9047309,Zeytinburnu,09:00-22:00,Medium
kısmet,Dining,World Cuisine,41.0053625,28.903228,Zeytinburnu,09:00-22:00,Medium
Burhan Usta Pide,Dining,World Cuisine,41.0042036,28.9043092,Zeytinburnu,09:00-22:00,Medium
Nezih Köfte,Dining,World Cuisine,41.0023925,28.9041592,Zeytinburnu,Mo-Su 08:00-18:00,Medium
dilim börek,Dining,World Cuisine,41.0061925,28.8969972,Zeytinburnu,09:00-22:00,Medium
Çağrı KEBAP salonu,Dining,World Cuisine,41.0061992,28.907425,Zeytinburnu,09:00-22:00,Medium
Has Manti,Dining,World Cuisine,41.0040008,28.9024384,Zeytinburnu,09:00-22:00,Medium
Anadolu,Dining,World Cuisine,41.0039572,28.9034633,Zeytinburnu,09:00-22:00,Medium
Özbek Milli Taomlar Nur,Dining,World Cuisine,41.0033981,28.9034211,Zeytinburnu,Mo-Su 09:00-22:00,Medium
Üsküp Köftecisi,Dining,World Cuisine,41.0005041,28.9019296,Zeytinburnu,Mo-Fr 09:00-17:00,Medium
kahvaltı,Dining,World Cuisine,41.005466,28.9042473,Zeytinburnu,09:00-22:00,Medium
Barış pide lokantası,Dining,World Cuisine,41.0038492,28.9020794,Zeytinburnu,09:00-22:00,Medium
Akçay Döner,Dining,World Cuisine,41.0058285,28.9048416,Zeytinburnu,09:00-22:00,Medium
Özgül,Dining,World Cuisine,41.0038462,28.9035417,Zeytinburnu,09:00-22:00,Medium
arzum börek,Dining,World Cuisine,41.0078835,28.9071679,Zeytinburnu,09:00-22:00,Medium
mevlana pide,Dining,World Cuisine,41.0051819,28.9071401,Zeytinburnu,09:00-22:00,Medium
namlı sarıyer,Dining,World Cuisine,41.0059528,28.9073766,Zeytinburnu,09:00-22:00,Medium
Mangaldan,Dining,World Cuisine,41.0033745,28.904255,Zeytinburnu,Mo-Su 08:00-20:00,Medium
KANATHANE,Dining,World Cuisine,41.0070126,28.9023152,Zeytinburnu,09:00-22:00,Medium
Sarıyer börekçisi,Dining,World Cuisine,41.004872,28.9069469,Zeytinburnu,09:00-22:00,Medium
ÖZ KARADANIZ,Dining,World Cuisine,41.0069914,28.9024694,Zeytinburnu,09:00-22:00,Medium
ASMALI BAHÇE,Dining,World Cuisine,41.0055209,28.8971577,Zeytinburnu,09:00-22:00,Medium
AKÇA ABAT,Dining,World Cuisine,41.0061432,28.9009013,Zeytinburnu,09:00-22:00,Medium
Birlik Döner,Dining,World Cuisine,41.0053292,28.9043869,Zeytinburnu,09:00-22:00,Medium
Öz Malatya Tandır ve Kebap,Dining,World Cuisine,41.0005329,28.9156183,Zeytinburnu,09:00-22:00,Medium
Öses Çiğ Köfte,Dining,World Cuisine,41.0005784,28.915538,Zeytinburnu,09:00-22:00,Medium
Badem Kahvaltı ve Döner,Dining,World Cuisine,41.0004192,28.9158392,Zeytinburnu,Mo-Su 07:00-20:00,Medium
Baran Urfa sofrası,Dining,World Cuisine,41.0025441,28.9088405,Zeytinburnu,09:00-22:00,Medium
belgradkapı tesisleri,Other,General,41.0019893,28.9185699,Zeytinburnu,09:00-22:00,Low
Zeytinburnu Belediyesi Belgradkapı Sosyal Tesisleri,Dining,World Cuisine,41.0012501,28.9189536,Zeytinburnu,09:00-22:00,Medium
Sarıyer börek ve pide salonu,Dining,World Cuisine,41.0033901,28.9023934,Zeytinburnu,Mo-Fr 09:00-17:00; Mo-Fr 07:00-13:30; Mo-Fr 17:00-20:00,Medium
Manyas Restaurant,Dining,World Cuisine,41.0036496,28.9069637,Zeytinburnu,Mo-Sa 08:00-20:00,Medium
Satılmış Usta Pide,Dining,World Cuisine,41.0627727,28.832413,Bağcılar,09:00-22:00,Medium
Yıldız konferans sofrası,Dining,World Cuisine,41.0463677,28.8267604,Bağcılar,09:00-22:00,Medium
Karşıyaka gıda,Dining,World Cuisine,41.0476966,28.8214131,Bağcılar,09:00-22:00,Medium
Beren ev yemekleri,Dining,World Cuisine,41.0474534,28.8229066,Bağcılar,09:00-22:00,Medium
İzmir Kokoreç Döner Ciğer Çorba,Dining,World Cuisine,41.0550669,28.8207994,Bağcılar,09:00-22:00,Medium
Mis Restoran,Dining,World Cuisine,41.0471152,28.8363741,Bağcılar,09:00-22:00,Medium
Beyran Lokantasi,Dining,World Cuisine,41.0473425,28.845934,Bağcılar,09:00-22:00,Medium
Lezzet sofrası,Dining,World Cuisine,41.0561646,28.8463262,Bağcılar,09:00-22:00,Medium
Hal cafeterya,Dining,World Cuisine,41.0544354,28.8465105,Bağcılar,09:00-22:00,Medium
Çetin büryan,Dining,World Cuisine,41.0517507,28.8476129,Bağcılar,09:00-22:00,Medium
Feride hanım ev yemekleri,Dining,World Cuisine,41.0525766,28.8476698,Bağcılar,09:00-22:00,Medium
OBA DÖNER,Dining,World Cuisine,41.0514,28.8493508,Zeytinburnu,09:00-22:00,Medium
Tarihi Fatih Köftecisi,Dining,World Cuisine,41.0537021,28.8464081,Bağcılar,09:00-22:00,Medium
Mersin kardeşler tentuni,Dining,World Cuisine,41.053262,28.8464081,Bağcılar,09:00-22:00,Medium
KIRVAN Döner,Dining,World Cuisine,41.0488962,28.8460329,Bağcılar,09:00-22:00,Medium
Kebabçi Baran,Dining,World Cuisine,41.0656852,28.8561463,Bağcılar,09:00-22:00,Medium
Aksa,Dining,World Cuisine,41.0617035,28.854812,Bağcılar,09:00-22:00,Medium
Halep lokantası,Dining,World Cuisine,41.0532281,28.8494701,Zeytinburnu,09:00-22:00,Medium
Özgül kebap,Dining,World Cuisine,41.0475246,28.8459062,Bağcılar,09:00-22:00,Medium
Küşlemeci,Dining,World Cuisine,41.0564513,28.8504193,Bağcılar,09:00-22:00,Medium
KEBAP,Dining,World Cuisine,41.0467763,28.8598207,Bağcılar,09:00-22:00,Medium
Karadeniz sofrası,Dining,World Cuisine,41.053333,28.8494144,Zeytinburnu,09:00-22:00,Medium
Sac Tava,Dining,World Cuisine,41.0579553,28.854867,Bağcılar,09:00-22:00,Medium
KONAK PİDE,Dining,World Cuisine,41.0485939,28.8497063,Zeytinburnu,09:00-22:00,Medium
Efsane döner,Dining,World Cuisine,41.0559253,28.8463058,Bağcılar,09:00-22:00,Medium
Dağyolu,Dining,World Cuisine,41.0460255,28.8597885,Bağcılar,24/7,Medium
Viyama,Dining,World Cuisine,41.0563534,28.8551389,Bağcılar,09:00-22:00,Medium
Çağ kebap,Dining,World Cuisine,41.0460679,28.8486054,Bağcılar,09:00-22:00,Medium
Konak,Dining,World Cuisine,41.0558942,28.8543457,Bağcılar,24/7,Medium
Japon,Dining,World Cuisine,41.07,28.8555837,Bağcılar,09:00-22:00,Medium
Soframız,Dining,World Cuisine,41.0597936,28.8543221,Bağcılar,09:00-22:00,Medium
KEBAP SARAYI,Dining,World Cuisine,41.0521974,28.8493642,Zeytinburnu,09:00-22:00,Medium
Saray kebap,Dining,World Cuisine,41.0675311,28.8546617,Bağcılar,09:00-22:00,Medium
İbad elrrehmen,Dining,World Cuisine,41.0674073,28.8555143,Bağcılar,09:00-22:00,Medium
Doğan Et Lokantası,Dining,World Cuisine,41.0676422,28.8561693,Bağcılar,09:00-22:00,Medium
Sallouraoğlu Halep Sofrası,Dining,World Cuisine,41.0534773,28.8334072,Bağcılar,09:00-22:00,Medium
Al Şalal,Dining,World Cuisine,41.0503079,28.8496416,Zeytinburnu,09:00-22:00,Medium
Maşhadani Lokantasi,Dining,World Cuisine,41.050583,28.8359405,Bağcılar,09:00-22:00,Medium
Naimoğlu,Dining,World Cuisine,41.0533708,28.8323355,Bağcılar,09:00-22:00,Medium
Kimyon Yemek Evi,Dining,World Cuisine,41.0262988,28.8305667,Bağcılar,09:00-22:00,Medium
Köşem Restaurant,Dining,World Cuisine,41.0261499,28.8292258,Bağcılar,09:00-22:00,Medium
Karadeniz sofrası,Dining,World Cuisine,41.0343188,28.8433707,Bağcılar,09:00-22:00,Medium
Rüstemoğlu Sofrası,Dining,World Cuisine,41.0257219,28.8305885,Bağcılar,09:00-22:00,Medium
Mevlana,Dining,World Cuisine,41.0272314,28.8442314,Bağcılar,09:00-22:00,Medium
Kayıpşehir Cafe & Restaurant,Dining,World Cuisine,41.0229048,28.8341039,Bağcılar,09:00-22:00,Medium
Adana Kebapcısı,Dining,World Cuisine,41.0311664,28.8303118,Bağcılar,09:00-22:00,Medium
Fatih Lokantası,Dining,World Cuisine,41.0311183,28.8296494,Bağcılar,09:00-22:00,Medium
Ünal Kebap & Döner,Dining,World Cuisine,41.0304379,28.8286669,Bağcılar,09:00-22:00,Medium
Loca Döner,Dining,World Cuisine,41.0232171,28.8303562,Bağcılar,09:00-22:00,Medium
Fatih lokantası,Dining,World Cuisine,41.0305875,28.8401742,Bağcılar,09:00-22:00,Medium
Deliorman Kebapçısı,Dining,World Cuisine,41.0269952,28.8293289,Bağcılar,09:00-22:00,Medium
Kemal usta pilavci,Dining,World Cuisine,41.0307254,28.8383706,Bağcılar,09:00-22:00,Medium
Ömeroğlu,Dining,World Cuisine,41.0302351,28.8279783,Bağcılar,09:00-22:00,Medium
Kebapçı Ayhan,Dining,World Cuisine,41.0307081,28.8271938,Bağcılar,09:00-22:00,Medium
Mevlana pide,Dining,World Cuisine,41.0302809,28.8276408,Bağcılar,09:00-22:00,Medium
Safran pide,Dining,World Cuisine,41.0335146,28.8433845,Bağcılar,09:00-22:00,Medium
Izgara,Dining,World Cuisine,41.0203748,28.8239833,Bağcılar,09:00-22:00,Medium
Fabrika Cafe & Restaurant,Dining,World Cuisine,41.030455,28.8289602,Bağcılar,09:00-22:00,Medium
Ünlu Sarıyer,Dining,World Cuisine,41.0282563,28.8195975,Bağcılar,09:00-22:00,Medium
Bursa İskender,Dining,World Cuisine,41.030351,28.8278554,Bağcılar,09:00-22:00,Medium
Mehim Kebap,Dining,World Cuisine,41.0249506,28.8288932,Bağcılar,09:00-22:00,Medium
Güneşli İskender Salonu,Dining,World Cuisine,41.0235504,28.8286901,Bağcılar,09:00-22:00,Medium
Bereket kebap,Dining,World Cuisine,41.0259308,28.8453857,Bağcılar,09:00-22:00,Medium
Hatay Dürüm Diyarı,Dining,World Cuisine,41.0292729,28.8299533,Bağcılar,09:00-22:00,Medium
Postcu Baba Waffle,Dining,World Cuisine,41.0261136,28.8305493,Bağcılar,09:00-22:00,Medium
Leziz sarıyer börekçisi,Dining,World Cuisine,41.0307924,28.8441811,Bağcılar,09:00-22:00,Medium
Akpınar kebap,Dining,World Cuisine,41.0343631,28.8337887,Bağcılar,09:00-22:00,Medium
Şirazen,Dining,World Cuisine,41.0261694,28.8156501,Bağcılar,09:00-22:00,Medium
Kofte,Dining,World Cuisine,41.0257008,28.8185974,Bağcılar,09:00-22:00,Medium
Sahin sulu,Dining,World Cuisine,41.0270431,28.8202398,Bağcılar,09:00-22:00,Medium
beyrut lokantası,Dining,World Cuisine,41.0308906,28.8393197,Bağcılar,09:00-22:00,Medium
Steak Burger,Dining,World Cuisine,41.0311664,28.8293713,Bağcılar,09:00-22:00,Medium
Salkım döner,Dining,World Cuisine,41.0221161,28.8448745,Bağcılar,09:00-22:00,Medium
Meydan pide,Dining,World Cuisine,41.0314499,28.8264786,Bağcılar,09:00-22:00,Medium
Atanor,Dining,World Cuisine,41.0309365,28.8184822,Bağcılar,09:00-22:00,Medium
Haci sayid,Dining,World Cuisine,41.0314605,28.8262418,Bağcılar,09:00-22:00,Medium
Namlı sarıyer börekçisi,Dining,World Cuisine,41.0307354,28.8416925,Bağcılar,09:00-22:00,Medium
Bağdat ocakbaşı,Dining,World Cuisine,41.0333476,28.8433984,Bağcılar,09:00-22:00,Medium
TAT Bİ PİLAV,Dining,World Cuisine,41.0312014,28.8291494,Bağcılar,09:00-22:00,Medium
Alrabii lokantası,Dining,World Cuisine,41.0268024,28.8439306,Bağcılar,09:00-22:00,Medium
TotalEnergies,Dining,World Cuisine,41.0312028,28.8233989,Bağcılar,09:00-22:00,Medium
Tamam lokantası,Dining,World Cuisine,41.0228106,28.8455105,Bağcılar,09:00-22:00,Medium
Damak Pide,Dining,World Cuisine,41.0312719,28.8287866,Bağcılar,09:00-22:00,Medium
Yeniler,Dining,World Cuisine,41.0198972,28.8236614,Bağcılar,09:00-22:00,Medium
Bolye yemek,Dining,World Cuisine,41.0314005,28.8457948,Bağcılar,09:00-22:00,Medium
Ev yemekleri,Dining,World Cuisine,41.034316,28.8390147,Bağcılar,09:00-22:00,Medium
Mangalcim et,Dining,World Cuisine,41.032125,28.8433605,Bağcılar,09:00-22:00,Medium
Kaitou,Dining,World Cuisine,41.0312554,28.8320922,Bağcılar,09:00-22:00,Medium
Zemcioglu,Dining,World Cuisine,41.0305507,28.8273428,Bağcılar,09:00-22:00,Medium
Ray gele,Dining,World Cuisine,41.0289668,28.8276791,Bağcılar,09:00-22:00,Medium
Sebo dayının yeri,Dining,World Cuisine,41.030549,28.840807,Bağcılar,09:00-22:00,Medium
Star Döner,Dining,World Cuisine,41.030263,28.8291275,Bağcılar,09:00-22:00,Medium
Ham ibrahim,Dining,World Cuisine,41.0313263,28.8266872,Bağcılar,09:00-22:00,Medium
Özcüneş Lokum & Şekerleme,Dining,World Cuisine,41.0240137,28.8287702,Bağcılar,09:00-22:00,Medium
Harbi Döner,Dining,World Cuisine,41.0278874,28.8308408,Bağcılar,09:00-22:00,Medium
Mesut usta kömürde piliç,Dining,World Cuisine,41.0329611,28.8433568,Bağcılar,09:00-22:00,Medium
Big Mamma's,Dining,World Cuisine,41.030889,28.8302091,Bağcılar,09:00-22:00,Medium
Tabela,Dining,World Cuisine,41.0312139,28.8267617,Bağcılar,09:00-22:00,Medium
Emine Sultan Ev Yemekleri,Dining,World Cuisine,41.0299803,28.8281625,Bağcılar,09:00-22:00,Medium
Dostlar Ocakbaşı,Dining,World Cuisine,41.0241849,28.8287969,Bağcılar,09:00-22:00,Medium
Öztaş Lokantası,Dining,World Cuisine,41.0455945,28.8389298,Bağcılar,09:00-22:00,Medium
Esnaflar Restaurant,Dining,World Cuisine,41.0391754,28.8252517,Bağcılar,09:00-22:00,Medium
Hatay Dürüncüsü,Dining,World Cuisine,41.045268,28.8271719,Bağcılar,09:00-22:00,Medium
Altin tepsi,Dining,World Cuisine,41.0397255,28.8429938,Bağcılar,09:00-22:00,Medium
Bülbül Lokantası,Dining,World Cuisine,41.0458367,28.8439589,Bağcılar,09:00-22:00,Medium
Eyüp Pide,Dining,World Cuisine,41.0446624,28.8442724,Bağcılar,09:00-22:00,Medium
Atestugla,Dining,World Cuisine,41.045514,28.8318433,Bağcılar,24/7,Medium
Şimşek Pastanesi,Dining,World Cuisine,41.0398038,28.8404088,Bağcılar,09:00-22:00,Medium
Esnaf lokantasi,Dining,World Cuisine,41.0407437,28.8362353,Bağcılar,24/7,Medium
Parkmangal,Dining,World Cuisine,41.0429323,28.8317874,Bağcılar,24/7,Medium
Kacmaz,Dining,World Cuisine,41.0420137,28.8438269,Bağcılar,09:00-22:00,Medium
Rose,Dining,World Cuisine,41.0396426,28.8426009,Bağcılar,09:00-22:00,Medium
Aziz usta,Dining,World Cuisine,41.0411543,28.8361446,Bağcılar,24/7,Medium
Sahra fastfood,Dining,World Cuisine,41.0404699,28.8362353,Bağcılar,24/7,Medium
Nersin,Dining,World Cuisine,41.0399922,28.8403375,Bağcılar,09:00-22:00,Medium
Netlasan,Dining,World Cuisine,41.0390481,28.8402575,Bağcılar,09:00-22:00,Medium
Matam halep,Dining,World Cuisine,41.0401761,28.8443142,Bağcılar,09:00-22:00,Medium
Urfa Kebap Salonu,Dining,World Cuisine,41.0450307,28.8397256,Bağcılar,09:00-22:00,Medium
Caylan,Dining,World Cuisine,41.0388046,28.8395043,Bağcılar,09:00-22:00,Medium
Has cigkofte,Dining,World Cuisine,41.0388938,28.8402722,Bağcılar,09:00-22:00,Medium
KARDEŞLER DÜRÜM,Dining,World Cuisine,41.0431371,28.8478559,Bağcılar,09:00-22:00,Medium
Marsal aziz usta,Dining,World Cuisine,41.0384336,28.8384436,Bağcılar,24/7,Medium
Onur Pide & Börek,Dining,World Cuisine,41.0362155,28.8338436,Bağcılar,09:00-22:00,Medium
Ziyafet cigkofte,Dining,World Cuisine,41.0402434,28.8402423,Bağcılar,09:00-22:00,Medium
Hazar Kanat,Dining,World Cuisine,41.0438712,28.8309029,Bağcılar,09:00-22:00,Medium
Oz ay,Dining,World Cuisine,41.0455277,28.8321881,Bağcılar,24/7,Medium
Baba doner,Dining,World Cuisine,41.0411127,28.8439998,Bağcılar,09:00-22:00,Medium
Golden garden,Dining,World Cuisine,41.0430844,28.8356364,Bağcılar,24/7,Medium
Burak Pide,Dining,World Cuisine,41.0382124,28.8246043,Bağcılar,09:00-22:00,Medium
Tayfor bufe,Dining,World Cuisine,41.0443495,28.8389022,Bağcılar,09:00-22:00,Medium
Almina Lokantası,Dining,World Cuisine,41.0358378,28.8337302,Bağcılar,09:00-22:00,Medium
Lider et,Dining,World Cuisine,41.0429792,28.8396477,Bağcılar,09:00-22:00,Medium
Erken usta cigkofte,Dining,World Cuisine,41.0454798,28.8315711,Bağcılar,24/7,Medium
Ahmet usta,Dining,World Cuisine,41.0421204,28.8438112,Bağcılar,09:00-22:00,Medium
Urfa pide,Dining,World Cuisine,41.0403151,28.8402185,Bağcılar,09:00-22:00,Medium
Meydan Dürüm,Dining,World Cuisine,41.0341998,28.8550349,Bağcılar,09:00-22:00,Medium
Üsküp Lokantası,Dining,World Cuisine,41.0334696,28.8599765,Bağcılar,09:00-22:00,Medium
Salloura,Dining,World Cuisine,41.033495,28.8595945,Bağcılar,09:00-22:00,Medium
Hatay kebap,Dining,World Cuisine,41.0331588,28.8619066,Bağcılar,09:00-22:00,Medium
Çakır köfte,Dining,World Cuisine,41.0338825,28.8648048,Bağcılar,09:00-22:00,Medium
Pizzalive,Dining,World Cuisine,41.0406365,28.8583621,Esenler,09:00-22:00,Medium
Eylül Pide,Dining,World Cuisine,41.0452199,28.8584445,Esenler,09:00-22:00,Medium
KUZUBEYİ,Dining,World Cuisine,41.0442551,28.8582815,Esenler,09:00-22:00,Medium
Safir kebab & Lahmacun,Dining,World Cuisine,41.0408567,28.8588596,Esenler,09:00-22:00,Medium
Tarihi İskender,Dining,World Cuisine,41.043283,28.8593345,Esenler,09:00-22:00,Medium
Alo döner,Dining,World Cuisine,41.0448134,28.8597396,Bağcılar,09:00-22:00,Medium
Halep Kahvesi,Dining,World Cuisine,41.039943,28.8612422,Bağcılar,09:00-22:00,Medium
Al Tayeb,Dining,World Cuisine,41.0340827,28.8650772,Bağcılar,09:00-22:00,Medium
Efsane,Dining,World Cuisine,41.0395586,28.8650028,Bağcılar,09:00-22:00,Medium
Tat bir pilav,Dining,World Cuisine,41.0340314,28.8604218,Bağcılar,09:00-22:00,Medium
Camlıbel,Dining,World Cuisine,41.0433123,28.8507605,Bağcılar,09:00-22:00,Medium
Emirhan sofrası,Dining,World Cuisine,41.0448457,28.85974,Bağcılar,09:00-22:00,Medium
Diva kebap,Dining,World Cuisine,41.034467,28.8664988,Bağcılar,09:00-22:00,Medium
ÜÇKAYA ET LOKANTASI,Dining,World Cuisine,41.0432335,28.8508999,Bağcılar,09:00-22:00,Medium
Mersin tantuni,Dining,World Cuisine,41.0334654,28.8624906,Bağcılar,09:00-22:00,Medium
Hacı Sayid,Dining,World Cuisine,41.0356492,28.8573393,Bağcılar,09:00-22:00,Medium
KİRVAM ET LOKANTASI,Dining,World Cuisine,41.0439229,28.8506553,Bağcılar,09:00-22:00,Medium
Pandora restaurant,Dining,World Cuisine,41.0310087,28.8562198,Bağcılar,09:00-22:00,Medium
Kervan döner,Dining,World Cuisine,41.0320122,28.8468335,Bağcılar,09:00-22:00,Medium
Yörem kebap,Dining,World Cuisine,41.0322814,28.8494395,Bağcılar,09:00-22:00,Medium
Biyesen çiğköfte,Dining,World Cuisine,41.0268725,28.8516086,Bağcılar,09:00-22:00,Medium
Danacı,Dining,World Cuisine,41.028118,28.8572472,Bağcılar,09:00-22:00,Medium
Kekik restaurant,Dining,World Cuisine,41.0301495,28.8697273,Bağcılar,09:00-22:00,Medium
SAFRAN DÖNER,Dining,World Cuisine,41.0201067,28.8587079,Zeytinburnu,09:00-22:00,Medium
Express döner köfte,Dining,World Cuisine,41.0269996,28.8504229,Bağcılar,09:00-22:00,Medium
مطعم البارون,Dining,World Cuisine,41.0284446,28.8571994,Bağcılar,09:00-22:00,Medium
Kömür,Dining,World Cuisine,41.0300165,28.8634233,Bağcılar,09:00-22:00,Medium
Kahta döner,Dining,World Cuisine,41.0262481,28.8507119,Bağcılar,09:00-22:00,Medium
Çorbacı müdavim,Dining,World Cuisine,41.0314221,28.8628476,Bağcılar,09:00-22:00,Medium
Osmanoğulları pide & börek,Dining,World Cuisine,41.0318473,28.8494532,Bağcılar,09:00-22:00,Medium
Urfa kebapçı,Dining,World Cuisine,41.0321511,28.8468926,Bağcılar,09:00-22:00,Medium
Damak et mangal,Dining,World Cuisine,41.0309041,28.8628027,Bağcılar,09:00-22:00,Medium
Pide lahmacun kebap,Dining,World Cuisine,41.0299484,28.855242,Bağcılar,09:00-22:00,Medium
DAMAK TADI,Dining,World Cuisine,41.0225046,28.8575612,Zeytinburnu,09:00-22:00,Medium
KEPAP & DÖNER SARAYI,Dining,World Cuisine,41.0210611,28.8581531,Zeytinburnu,09:00-22:00,Medium
Bağdatli ocakbaşı,Dining,World Cuisine,41.0304106,28.8634292,Bağcılar,09:00-22:00,Medium
Han Et Mangal,Dining,World Cuisine,41.0315084,28.8692191,Bağcılar,09:00-22:00,Medium
Hacı Said,Dining,World Cuisine,41.0312174,28.8627065,Bağcılar,09:00-22:00,Medium
Sultan Tabağı,Dining,World Cuisine,41.0282193,28.8569202,Bağcılar,09:00-22:00,Medium
Yücel Usta Mangalbaşı,Dining,World Cuisine,41.0237311,28.8572289,Bağcılar,09:00-22:00,Medium
Çotanak pide,Dining,World Cuisine,41.0316665,28.8481556,Bağcılar,09:00-22:00,Medium
Abdurrahman Şark Sofrası,Dining,World Cuisine,41.0240951,28.8564415,Bağcılar,09:00-22:00,Medium
Pandora cafe restaurant,Dining,World Cuisine,41.0310469,28.8560312,Bağcılar,09:00-22:00,Medium
Simya cafe restoran,Dining,World Cuisine,41.0294139,28.8695292,Bağcılar,09:00-22:00,Medium
Heydöner,Dining,World Cuisine,41.0307543,28.8563007,Bağcılar,09:00-22:00,Medium
Kahta araames,Dining,World Cuisine,41.0310925,28.8669336,Bağcılar,09:00-22:00,Medium
Sadık Oğulları Börek Pide Pizza,Dining,World Cuisine,41.0209321,28.8580259,Bağcılar,09:00-22:00,Medium
Özgüllüm lokantası,Dining,World Cuisine,41.0322026,28.8562463,Bağcılar,09:00-22:00,Medium
Sanat,Dining,World Cuisine,41.0348507,28.9778709,Beyoğlu,09:00-22:00,Medium
Spice Shops,Other,General,41.0167611,28.9706369,Fatih,09:00-22:00,Low
Yoros,Dining,World Cuisine,41.1778975,29.095033,Sarıyer,09:00-22:00,Medium
Lipari,Dining,Seafood,41.0675199,29.0434816,Beşiktaş,Mo-Su 12:00-01:00,Medium
Hatay Medeniyetler Sofordsi,Dining,World Cuisine,41.0356199,28.9833579,Beyoğlu,09:00-22:00,Medium
Plavci,Dining,Kebab,41.0245729,28.9701069,Beyoğlu,09:00-22:00,Medium
Osmanlı Kebapçısı,Dining,World Cuisine,41.0179383,28.9687092,Fatih,09:00-22:00,Medium
Nola,Dining,World Cuisine,41.0252147,28.9736624,Beyoğlu,09:00-22:00,Medium
Lezzette Son Nokta,Dining,World Cuisine,41.0252573,28.97396,Beyoğlu,09:00-22:00,Medium
Galata House Restaurant,Dining,World Cuisine,41.0248245,28.9734784,Beyoğlu,09:00-22:00,Medium
Midpoint,Dining,World Cuisine,41.0286271,28.9742703,Beyoğlu,09:00-22:00,Medium
Refik,Dining,World Cuisine,41.0297714,28.9745527,Beyoğlu,09:00-22:00,Medium
Sahrap,Dining,Turkish,41.0290124,28.9733345,Beyoğlu,09:00-22:00,Medium
Pera Public,Dining,World Cuisine,41.0336373,28.9755706,Beyoğlu,09:00-22:00,Medium
Sultan Kebap,Dining,World Cuisine,41.0394224,28.9839902,Beyoğlu,09:00-22:00,Medium
Kabataş Köftecisi Mehmet,Dining,World Cuisine,41.0229731,28.971195,Beyoğlu,09:00-22:00,Medium
Dubb Indian Bosphorus Restaurant,Dining,Indian,41.0442683,28.9899031,Şişli,"Mo-Su 12:00-15:00, 18:00-23:00",Medium
boga,Dining,World Cuisine,41.0748186,28.9694239,Kağıthane,09:00-22:00,Medium
Rumeli Kale Cafe & Restaurant,Dining,World Cuisine,41.0874473,29.0566987,Beykoz,09:00-22:00,Medium
Hira Ev Yemekleri,Dining,Kebab,41.0103237,29.0353808,Kadıköy,Mo-Fr 09:00-17:00,Medium
Meat & Meet,Dining,Steak_House;Turkish;Kebab;Local,41.057168,28.9839872,Şişli,09:00-22:00,High
Cafe Zone,Dining,World Cuisine,41.0513198,28.9900077,Şişli,09:00-22:00,Medium
Milano Gourmet,Dining,World Cuisine,41.0523098,28.9931079,Şişli,Mo-Su 09:00-01:00,Medium
Pizzeria,Dining,World Cuisine,41.0528506,28.9942214,Şişli,09:00-22:00,Medium
Döner Plus,Dining,World Cuisine,41.0523578,28.9930441,Şişli,09:00-22:00,Medium
ÇATÇAT Nişantaşı,Dining,Kebab,41.0524208,28.9929768,Şişli,Mo-Su 12:00-02:00,Medium
Bodrum Manti,Dining,World Cuisine,41.0677803,29.0454255,Beşiktaş,09:00-22:00,Medium
Aden Baba,Dining,World Cuisine,41.0675542,29.0435977,Beşiktaş,09:00-22:00,Medium
Fistik Kebap ve Lahmacun Salonu,Dining,World Cuisine,41.0673589,29.0433647,Beşiktaş,09:00-22:00,Medium
Boris’in Yeri,Dining,World Cuisine,41.0039678,28.9642662,Fatih,06:30-20:30,Medium
Dürümzade,Dining,World Cuisine,41.035399,28.9773125,Beyoğlu,09:00-22:00,Medium
Köfteci Hüseyin,Dining,World Cuisine,41.03637,28.9822592,Beyoğlu,09:00-22:00,Medium
Koftesi Arnavut,Dining,World Cuisine,41.0326092,28.9480466,Eyüpsultan,09:00-22:00,Medium
cukur meyhane,Dining,World Cuisine,41.0337057,28.9789596,Beyoğlu,09:00-22:00,Medium
Nusr-Et Burger Nisantasi,Dining,World Cuisine,41.0476574,28.9933096,Şişli,09:00-22:00,Medium
Trattoria Carbonara,Dining,Italian,41.0656177,29.0040254,Şişli,Mo-Su 12:00-22:00; PH closed,Medium
Nusr-Et Burger Bebek,Dining,World Cuisine,41.0784165,29.0446057,Beşiktaş,09:00-22:00,Medium
Fransiz Gecidi,Other,General,41.0245125,28.9793708,Beyoğlu,09:00-22:00,Low
Eğrikapı,Other,General,41.0364729,28.9393976,Eyüpsultan,09:00-22:00,Low
valide,Dining,World Cuisine,41.0097685,29.0374538,Kadıköy,09:00-22:00,Medium
Sırdaş Lokanta,Dining,Turkish,41.0167472,28.950346,Fatih,09:00-22:00,Medium
Al madina,Dining,World Cuisine,41.0358366,28.9835471,Beyoğlu,09:00-22:00,Medium
Altınkum,Dining,World Cuisine,41.1843292,29.0757862,Sarıyer,09:00-22:00,Medium
Kenan Usta Ocakbasi,Dining,World Cuisine,41.0364801,28.9822386,Beyoğlu,09:00-22:00,Medium
Fish & meat house,Dining,World Cuisine,41.032649,28.9840203,Beyoğlu,09:00-22:00,Medium
Babos Börekçilik,Dining,World Cuisine,41.0468255,29.0023845,Beşiktaş,09:00-22:00,Medium
Çesme Bazlama Kahvalti,Dining,World Cuisine,41.0490702,28.9952316,Şişli,09:00-22:00,Medium
Art,Dining,World Cuisine,41.0350436,28.9772135,Beyoğlu,09:00-22:00,Medium
Zencefil,Dining,World Cuisine,41.0366889,28.982748,Beyoğlu,09:00-22:00,Medium
Rumeli Kotok Köftecisi,Dining,World Cuisine,41.0528187,28.9944275,Şişli,09:00-22:00,Medium
Beyranistan,Dining,World Cuisine,41.050157,29.0537448,Üsküdar,09:00-22:00,Medium
Nişantaşi Mantıcısı,Dining,World Cuisine,41.0535008,28.9945029,Şişli,09:00-22:00,Medium
Elbet,Dining,World Cuisine,41.0821697,29.0265194,Beşiktaş,09:00-22:00,Medium
Leb-i derya,Dining,Regional,41.0286253,28.976482,Beyoğlu,16:00-02:00,Medium
Miyabi,Dining,Sushi,41.0821284,29.0264268,Beşiktaş,09:00-22:00,High
Tepsi Cafe & Restoran,Dining,World Cuisine,41.1093482,29.0181969,Kağıthane,09:00-22:00,Medium
Otantik Anadolu Yemekleri,Dining,World Cuisine,41.0339264,28.978145,Beyoğlu,09:00-22:00,Medium
Dürümcü Doğan,Dining,World Cuisine,41.0392654,28.8443637,Bağcılar,09:00-22:00,Medium
Sofana Restaurant,Dining,World Cuisine,41.0106382,28.9752578,Fatih,09:00-22:00,Medium
Zübeyir Ocakbaşı,Dining,Turkish,41.0365151,28.9821352,Beyoğlu,09:00-22:00,Medium
Şişli Balıkçısı Pangaltı,Dining,World Cuisine,41.0518222,28.9872849,Şişli,09:00-22:00,Medium
Zencefil,Dining,World Cuisine,41.0366148,28.9827585,Beyoğlu,09:00-22:00,Medium
Dragon Restaurant,Dining,Chinese,41.0439514,28.9896891,Şişli,Tu-Sa 18:30-23:30; Su 18:00-23:00,Medium
alkuds resturant,Dining,World Cuisine,41.0354021,28.9803857,Beyoğlu,09:00-22:00,Medium
Tariflerle Yemekler,Dining,Turkish;Italian;Chinese;Japanese;Mexican;Indian;Asian;Chicken;French;American;German;Greek;International;Thai,41.0485766,29.0267888,Beşiktaş,24/7,High
Tariflerle Yemekler,Dining,International,41.0512683,29.021379,Beşiktaş,24/7,Medium
Atiye,Dining,World Cuisine,41.0484835,28.993667,Şişli,09:00-22:00,Medium
Zencefil,Dining,World Cuisine,41.0365808,28.9826385,Beyoğlu,09:00-22:00,Medium
مطعم حضرموت,Dining,World Cuisine,41.0202553,28.9418538,Fatih,09:00-22:00,Medium
Antakya Kebap Asmalı,Dining,Turkish,41.0299944,28.9747176,Beyoğlu,Mo-Su 09:00-02:00,Medium
Ozi Pizza and Pasta,Dining,World Cuisine,41.0053297,28.9733578,Fatih,09:00-22:00,Medium
Sultan Terrace Fish Kebap Steaks House,Dining,World Cuisine,41.0033631,28.9747717,Fatih,09:00-22:00,Medium
The House Cafe Akaretler,Dining,World Cuisine,41.0423339,29.0026725,Beşiktaş,09:00-22:00,Medium
Emirgan Sütiş,Dining,World Cuisine,41.0428423,29.0023783,Beşiktaş,09:00-22:00,Medium
Zonaro Brasserie,Dining,World Cuisine,41.0425153,29.0025757,Beşiktaş,09:00-22:00,Medium
Antakya Mutfağı & Meyhanesi,Dining,World Cuisine,41.042903,29.0026197,Beşiktaş,09:00-22:00,Medium
Quppa Cafe,Dining,World Cuisine,41.0424466,29.0028834,Beşiktaş,09:00-22:00,Medium
Chez Moi,Dining,World Cuisine,41.0254144,28.9800215,Beyoğlu,09:00-22:00,Medium
Charlie Chaplin Köşesi,Other,General,41.0250792,28.9788924,Beyoğlu,09:00-22:00,Low
Özkonak Lokantası,Dining,World Cuisine,41.0311428,28.9828146,Beyoğlu,09:00-22:00,Medium
Kuytu Balık,Dining,World Cuisine,41.0223597,28.9710027,Beyoğlu,09:00-22:00,Medium
Akın Balık,Dining,World Cuisine,41.0221598,28.9730616,Beyoğlu,09:00-22:00,Medium
La Fontana Di Trevi,Dining,Italian_Pizza,41.0329782,28.9760223,Beyoğlu,09:00-22:00,Medium
Çin Büfe,Dining,World Cuisine,41.0340479,28.9788691,Beyoğlu,09:00-22:00,Medium
Fransız Geçidi,Other,General,41.024615,28.9792854,Beyoğlu,09:00-22:00,Low
Kaşıbeyaz,Dining,World Cuisine,41.1065916,28.9865225,Kağıthane,09:00-22:00,Medium
İrem Et Lokantası,Dining,Turkish,41.0862791,29.0049309,Kağıthane,Mo-Su 06:00-18:00,Medium
Sisko Dürüm,Dining,World Cuisine,41.0498335,29.0251183,Beşiktaş,09:00-22:00,Medium
المدينة,Dining,World Cuisine,41.0113272,28.9500194,Fatih,09:00-22:00,Medium
Meat'ng Steakhouse,Dining,World Cuisine,41.08642,29.02656,Şişli,09:00-22:00,Medium
melisa,Dining,Poğaça,41.0071354,29.0851881,ataşehir,09:00-22:00,Medium
Hasel Görele Pide,Dining,Turkish,41.0067983,29.0849848,Ümraniye,09:00-22:00,Medium
Şehit Uğur Taşçı Anıtı,History & Culture,Historical Building,41.1325992,29.0401268,Sarıyer,09:00-22:00,Low
Dilek Lokantası,Dining,World Cuisine,41.0736593,28.9042378,Gaziosmanpaşa,09:00-22:00,Medium
Sozeri Pide Guvec,Dining,World Cuisine,41.0736101,28.904265,Gaziosmanpaşa,09:00-22:00,Medium
Özkanoğlu Kebap,Dining,Turkish,41.0231629,28.977065,Beyoğlu,09:00-22:00,Medium
Kervan Karaköy,Dining,World Cuisine,41.026136,28.9814937,Beyoğlu,09:00-22:00,Medium
Fasuli,Dining,World Cuisine,41.0261611,28.9815268,Beyoğlu,09:00-22:00,Medium
Midpoint,Dining,World Cuisine,41.0315097,28.9761021,Beyoğlu,09:00-22:00,Medium
mom' steak burger,Dining,World Cuisine,41.0336481,28.9761429,Beyoğlu,09:00-22:00,Medium
taj-mahal,Dining,World Cuisine,41.033526,28.9758569,Beyoğlu,09:00-22:00,Medium
angen,Dining,World Cuisine,41.0291367,28.972967,Beyoğlu,09:00-22:00,Medium
mien,Dining,World Cuisine,41.0336214,28.9760071,Beyoğlu,09:00-22:00,Medium
Hazzopulo,Dining,World Cuisine,41.0333868,28.9759036,Beyoğlu,09:00-22:00,Medium
chapelle restaurant and bar,Dining,World Cuisine,41.0333737,28.9752632,Beyoğlu,09:00-22:00,Medium
pera,Dining,World Cuisine,41.033414,28.9753299,Beyoğlu,09:00-22:00,Medium
Simit Sarayı,Dining,World Cuisine,41.0361852,28.9845146,Beyoğlu,09:00-22:00,Medium
Al Madina restaurant,Dining,World Cuisine,41.0358869,28.9833204,Beyoğlu,09:00-22:00,Medium
beyoglu halk doner,Dining,World Cuisine,41.0362312,28.9842676,Beyoğlu,09:00-22:00,Medium
Galatalife Istanbul,Dining,World Cuisine,41.0265394,28.9746854,Beyoğlu,09:00-22:00,Medium
Chinese and Sushi experience,Dining,World Cuisine,41.028651,28.9732583,Beyoğlu,09:00-22:00,Medium
Ozgur Kasap,Dining,Steak_House,41.0139411,28.9754093,Fatih,09:00-22:00,High
Arsemia Pide,Dining,World Cuisine,41.0235221,29.0282166,üsküdar,09:00-22:00,Medium
Erguvan Restoran,Dining,World Cuisine,41.0233985,29.0284842,üsküdar,09:00-22:00,Medium
Selamiali efendi mezarı,Other,General,41.0236472,29.0296013,Üsküdar,09:00-22:00,Low
Pasa Doner,Dining,World Cuisine,41.0347631,28.9805924,Beyoğlu,09:00-22:00,Medium
Emin Baba Dürüm Evi,Dining,Turkish,41.062657,28.9974628,Şişli,09:00-22:00,Medium
Yıldız Konyalı,Dining,Turkish,41.062746,28.9985545,Şişli,09:00-22:00,Medium
Ortaklar Kanat & Dürüm Evi,Dining,Turkish;Kebab,41.063334,28.9984009,Şişli,09:00-22:00,Medium
Balik Noktasi,Dining,Turkish,41.0194152,28.972979,Beyoğlu,09:00-22:00,Medium
Pizza Hut,Dining,Pizza,41.071198,28.8097335,başakşehir,11:00-22:00,Medium
Köfteci Yusuf,Dining,Turkish,41.0713524,28.8100009,Başakşehir,09:00-22:00,Medium
Chill Pilates,Nature & Park,Park,41.0606771,28.9879028,Şişli,09:00-22:00,Low
Huqqabaz,Dining,World Cuisine,41.10687,28.9866322,Kağıthane,09:00-22:00,Medium
Serafina,Dining,World Cuisine,41.1046142,28.9855024,Kağıthane,09:00-22:00,Medium
Hünkar,Dining,World Cuisine,41.1054486,28.9860415,Kağıthane,09:00-22:00,Medium
Polonez Brasserie,Dining,World Cuisine,41.1078765,28.986373,Kağıthane,09:00-22:00,Medium
Baran ET & Mangal,Dining,World Cuisine,41.0174606,28.9548506,Fatih,09:00-22:00,Medium
Yağcıoğlu Cafe & Restoran,Dining,World Cuisine,41.00542,28.797085,Küçükçekmece,09:00-22:00,Medium
Köfteci Yusuf,Dining,Turkish,41.0072129,28.7958533,Küçükçekmece,09:00-22:00,Medium
Big Mamma's,Dining,World Cuisine,41.0373809,28.8835258,Esenler,09:00-22:00,Medium
Hazine Cihangir,Dining,World Cuisine,41.0307872,28.983231,Beyoğlu,09:00-22:00,Medium
Atatürk Büstü,History & Culture,Historical Building,41.0166351,29.0456912,Üsküdar,09:00-22:00,Low
Kırımlı Çibörek,Dining,Regional;Turkish;Hamurişi,41.0152133,28.9293708,Fatih,09:00-22:00,Medium
Mahir Lokantası,Dining,World Cuisine,41.0528842,28.9870944,Şişli,09:00-22:00,Medium
Nusr-Et,Dining,World Cuisine,41.0103797,28.9697262,Fatih,09:00-22:00,Medium
Agafya Meyhanesi,Dining,World Cuisine,41.0438237,29.0037925,beşiktaş,09:00-22:00,Medium
Galaktion,Dining,Georgian,41.0282522,28.97709,Beyoğlu,Mo-Su 12:00-23:00,Medium
Kroren Restaurant,Dining,Chinese,41.0174858,28.9297112,Fatih,Mo-Su 11:00-23:00,Medium
Tadında Anadolu,Dining,Turkish,41.0207668,29.0396613,Üsküdar,09:00-22:00,Medium
Bodrum Mantı,Dining,Turkish,41.0207304,29.0393592,Üsküdar,09:00-22:00,Medium
mezarlık,History & Culture,Historical Building,41.0562805,29.0577323,Ümraniye,09:00-22:00,Low
Raum,Dining,World Cuisine,41.0435448,29.0019658,Beşiktaş,09:00-22:00,Medium
1924 İstanbul,Dining,Russian,41.032858,28.9761331,Beyoğlu,16:00-24:00,Medium
Yakamoz Kanlica,Dining,World Cuisine,41.1004298,29.0656487,Beykoz,09:00-22:00,Medium
Köfteci İsmail,Dining,World Cuisine,41.2373793,28.9844949,Sarıyer,09:00-22:00,Medium
Melantias,Other,General,41.0584379,28.7383917,Esenyurt,09:00-22:00,Low
Karaköy Gümrük,Dining,Pasta;Burger;Chicken,41.0228719,28.9758376,Beyoğlu,Mo-Th 09:00-24:00; Fr-Sa 09:00-24:30; Su 10:00-22:00,Medium
Relax Mode Laleli,Dining,World Cuisine,41.0089005,28.9595231,Fatih,Mo-Su 11:00-23:00,Medium
Tarihî Merkezefendi Köftecisi,Dining,World Cuisine,41.0152587,28.9195427,Zeytinburnu,Mo-Su 11:30-20:00,Medium
Delimonti,Dining,World Cuisine,41.0583961,28.9803944,Şişli,Mo-Su 08:30-00:00,Medium
Sushi LAB,Dining,World Cuisine,41.0475205,29.0000147,Beşiktaş,09:00-22:00,Medium
Faik Pasha,Dining,World Cuisine,41.0321011,28.9805883,Beyoğlu,09:00-22:00,Medium
Kardeşim Kebap,Dining,Kebab,41.0089983,29.0369241,Kadıköy,Mo-Su 11:00-22:30,Medium
Nevizade,Dining,World Cuisine,41.0348432,28.9777308,Beyoğlu,09:00-22:00,Medium
Ziya,Dining,World Cuisine,41.0139353,28.9757179,Fatih,09:00-22:00,Medium
Sariyer Börekçisi,Dining,Turkish,41.1091914,28.9868412,Kağıthane,Mo-Su 09:00-21:00,Medium
Surp Boğos,Other,General,41.1622847,29.046941,Sarıyer,09:00-22:00,Low
Sefko restaurant,Dining,World Cuisine,41.0074145,28.9580203,Fatih,09:00-22:00,Medium
Sultanahamet Köftecisi,Dining,Regional,41.0079643,28.9773096,Fatih,09:00-22:00,Medium
Çağri restaurant,Dining,World Cuisine,41.0069192,28.9540264,Fatih,09:00-22:00,Medium
Kumkapı Hünkar,Dining,World Cuisine,41.0034153,28.9650811,Fatih,09:00-22:00,Medium
Babel Cafe,Dining,World Cuisine,41.0330658,28.98209,Beyoğlu,09:00-22:00,Medium
Galaktion (Georgian food),Dining,World Cuisine,41.0343077,28.9838365,Beyoğlu,09:00-22:00,Medium
Mitto Pizza,Dining,World Cuisine,41.0324767,28.9833274,Beyoğlu,09:00-22:00,Medium
Prison of Anemas,Other,General,41.038414,28.9407981,Eyüpsultan,09:00-22:00,Low
A Caddesi Parkı,Nature & Park,Park,41.088784,28.8708372,Sultangazi,09:00-22:00,Low
Neolokal,Dining,Turkish,41.0237821,28.9734763,Beyoğlu,09:00-22:00,Medium
Divan Brasserie,Dining,World Cuisine,41.0318963,28.97652,Beyoğlu,09:00-22:00,Medium
Bdino Fish Wrap,Dining,World Cuisine,41.0240715,28.9780804,Beyoğlu,09:00-22:00,Medium
1453,History & Culture,Historical Building,41.025896,29.0099698,Üsküdar,09:00-22:00,Low
Canfeda Tekkesi Haziresi,History & Culture,Historical Building,41.0320931,28.9896659,Beyoğlu,09:00-22:00,Low
Spradon,History & Culture,Historical Building,41.0686511,28.7086192,Esenyurt,09:00-22:00,Low
Şatto Kebap,Dining,World Cuisine,41.0606276,28.7037428,Esenyurt,09:00-22:00,Medium
Chefet,Dining,Kebab,41.0614729,28.8986989,Bayrampaşa,Mo-Su 09:00-23:59,Medium
Gospoda 1882,Dining,Polish;Turkish,41.1101464,29.2114564,Beykoz,"PH,We-Su 08:00-20:00",Medium
betas,Dining,World Cuisine,41.0507705,29.0520429,Üsküdar,09:00-22:00,Medium
Tribeca,Dining,World Cuisine,41.0786038,29.0257184,Beşiktaş,09:00-22:00,Medium
Firuze,Dining,World Cuisine,41.0284152,28.9719406,Beyoğlu,09:00-22:00,Medium
15 Temmuz Millet Bahçesi,Nature & Park,Park,41.0590835,28.8794972,Bayrampaşa,09:00-22:00,Low
Ali Ocakbaşı,Dining,World Cuisine,41.03652,28.9903318,Beyoğlu,09:00-22:00,Medium
Olimpia,Dining,World Cuisine,41.0444641,28.978084,Beyoğlu,09:00-22:00,Medium
Turgut Reis,History & Culture,Historical Building,41.013336,28.9874944,Beyoğlu,09:00-22:00,Low
Aspera restaurant,Dining,Fish,41.0344861,28.9773696,Beyoğlu,09:00-22:00,Medium
salon Galata,Dining,World Cuisine,41.0236525,28.9747153,Beyoğlu,09:00-22:00,Medium
Ahır Kapı Fish House,Dining,Regional;Fish,41.0033085,28.9798502,Fatih,09:00-22:00,Medium
Seyidoğlu,Dining,World Cuisine,41.0317527,28.8149706,Bağcılar,09:00-22:00,Medium
Big Cook's,Dining,World Cuisine,41.0639834,28.7098645,Esenyurt,09:00-22:00,Medium
Cafe Lokum,Dining,Regional,41.008283,28.9775396,Fatih,09:00-22:00,Medium
Amara Old City,Dining,Regional,41.0086669,28.9743976,Fatih,09:00-22:00,Medium
F&B Culture,Dining,Turkish,41.0251123,28.9743544,Beyoğlu,Mo-Su 09:30-01:00,Medium
Havuzbaşı Restoran Yenikapı,Dining,World Cuisine,41.0017436,28.9608913,Fatih,09:00-22:00,Medium
Marmarion,Dining,World Cuisine,41.0088443,28.9627545,Fatih,09:00-22:00,Medium
Merdivenli Yokuş Evleri,Other,General,41.0313056,28.9462268,Eyüpsultan,09:00-22:00,Low
Avokado Bar,Dining,Mediterranean,41.0484852,28.9958909,Beşiktaş,09:00-22:00,Medium
Rainbow Stairs,Other,General,41.0292776,28.986266,Beyoğlu,09:00-22:00,Low
Community kitchen,Dining,World Cuisine,41.028397,28.976837,Beyoğlu,09:00-22:00,Medium
Hayat,Dining,World Cuisine,41.0302587,28.9836626,Beyoğlu,09:00-22:00,Medium
Turkobaba,Dining,World Cuisine,41.0038465,28.9717696,Fatih,09:00-22:00,Medium
Turgut Kebab Pide,Dining,World Cuisine,41.0046672,28.9791415,Fatih,09:00-22:00,Medium
Yabaci,Dining,World Cuisine,41.0061082,28.9732504,Fatih,09:00-22:00,Medium
Byzantion Bistro & Restaurant,Dining,Seafood;Italian_Pizza;Beef_Bowl;Italian;Coffee_Shop;Local;Mediterranean;Barbecue;Fine_Dining;Pizza;Steak_House;Turkish;Fish;Pasta;Kebab;Grill,41.0101766,28.9544326,Fatih,Mo-Su 11:00-01:00,High
Konsept,Dining,Turkish,41.1090769,29.0221634,Kağıthane,09:00-22:00,Medium
The hidden pub & restaurant,Dining,World Cuisine,41.1092999,29.0221496,Kağıthane,09:00-22:00,Medium
Şerif Pub Cafe & Nargile,Dining,World Cuisine,41.0419818,28.9869597,Beyoğlu,09:00-22:00,Medium
Reyhun Iranian Restaurant,Dining,Persian,41.0326721,28.9778252,Beyoğlu,Mo-Su 12:00-23:00,Medium
sarıyer börekçisi,Dining,World Cuisine,41.0098274,29.1180051,Ataşehir,09:00-22:00,Medium
Tarihi Mevlevihane Köftecisi,Dining,Turkish,41.0148449,28.9190636,Zeytinburnu,09:00-22:00,Medium
akademi gurme,Dining,World Cuisine,41.0087958,29.1177489,Ataşehir,09:00-22:00,Medium
bolacı kebap,Dining,World Cuisine,41.0099882,29.118081,Ataşehir,09:00-22:00,Medium
kiraz bahçe ev yemekleri,Dining,World Cuisine,41.0071718,29.1177033,Ataşehir,09:00-22:00,Medium
my pidechi,Dining,World Cuisine,41.0091624,29.1139748,Ataşehir,09:00-22:00,Medium
emir kebap,Dining,World Cuisine,41.0093193,29.1144068,Ataşehir,09:00-22:00,Medium
Sampi Pide,Dining,Turkish,41.0226394,29.044897,Üsküdar,09:00-22:00,Medium
Avcı Et Lokantası,Dining,World Cuisine,41.2366918,28.9845452,Sarıyer,09:00-22:00,Medium
Atatürk Büstü,History & Culture,Historical Building,41.2793031,28.8095306,Arnavutköy,09:00-22:00,Low
Behzadem Cafe Restaurant,Dining,Turkish;Seafood,41.0115766,28.9592172,Fatih,Mo-Su 09:00-02:00,Medium
Ahsen,Dining,Turkish,41.0337478,28.9776782,Beyoğlu,09:00-22:00,Medium
cairo restaurant,Dining,Arab,41.0556901,28.9872553,Şişli,Mo-Su 10:00-24:00,Medium
Fatih Belediyesi çatladikapi sosyal tesisi,Dining,Turkish,41.0016667,28.9735331,Fatih,09:00-22:00,Medium
أطيب فلافل,Dining,World Cuisine,41.0101507,28.9478059,Fatih,09:00-22:00,Medium
İnegöl Köfte Salonu Recep Usta'nın Yeri,Dining,Turkish,41.0021547,28.7978636,Küçükçekmece,09:00-22:00,Medium
Ramada Hotel and Restaurant,Dining,World Cuisine,41.0794161,28.9515582,Kağıthane,09:00-22:00,Medium
Canım Ciğerim,Dining,World Cuisine,41.0303719,28.9740044,Beyoğlu,09:00-22:00,Medium
Cihangir sosyal tesisleri,Dining,Regional,41.0283244,28.9824353,Beyoğlu,08:30-23:00,Medium
Sosyal Tesisleri,Dining,World Cuisine,41.0275643,29.0689922,Ümraniye,09:00-22:00,Medium
Sefa Restaurant,Dining,World Cuisine,41.0289596,29.0697138,Ümraniye,09:00-22:00,Medium
Haskral Hatay Sofrasi,Dining,World Cuisine,41.0125859,28.9490093,Fatih,09:00-22:00,Medium
Banyan,Dining,World Cuisine,41.0476325,29.0250963,Beşiktaş,09:00-22:00,Medium
Haskral Hatay Sofrasi,Dining,World Cuisine,41.0125922,28.9489891,Fatih,09:00-22:00,Medium
Elde borek,Dining,World Cuisine,41.0442365,29.0031915,Beşiktaş,09:00-22:00,Medium
Balkan Lokantası,Dining,World Cuisine,41.0340915,28.9770159,Beyoğlu,09:00-22:00,Medium
By Kinyas Restaurant,Dining,World Cuisine,41.0060917,28.9801977,Fatih,Mo-Su 09:00-00:00,Medium
Çocuk Parkı,Nature & Park,Park,41.2102317,29.020361,Sarıyer,09:00-22:00,Low
Çocuk Parkı,Nature & Park,Park,41.2119899,29.0234173,Sarıyer,09:00-22:00,Low
Bridge Restaurant,Dining,World Cuisine,41.0329102,29.0354334,Üsküdar,24/7,Medium
Green Salad,Dining,World Cuisine,41.0482194,28.8101086,Bağcılar,09:00-22:00,Medium
Qua,Dining,World Cuisine,41.0480246,28.8114129,Bağcılar,09:00-22:00,Medium
Bamboo Beach,Other,General,41.2452616,29.0273091,Sarıyer,09:00-22:00,Low
Hüner Ev Yemekleri,Dining,Local,41.0165817,28.9373267,Fatih,09:00-22:00,Medium
Bizim Lokanta,Dining,Turkish,41.0625717,28.8080567,Bağcılar,09:00-22:00,Medium
Nur Abla,Dining,Turkish,41.0625313,28.8077831,Bağcılar,09:00-22:00,Medium
Karaköy Çorba Evi,Dining,Soup,41.0243388,28.9784979,Beyoğlu,09:00-22:00,Medium
Balıkçınız Şafak,Dining,Seafood,41.046141,28.8054107,Bağcılar,09:00-22:00,Medium
Küçük Çamlıca Köşkü,Dining,World Cuisine,41.0162371,29.0639448,Ümraniye,09:00-22:00,Medium
منزل ايهاب أبو عرمانة,Other,General,41.0517652,28.837693,Bağcılar,09:00-22:00,Low
Kudo,Dining,World Cuisine,41.0460763,28.8944108,Bayrampaşa,09:00-22:00,Medium
مطعم أسعد زنون,Dining,World Cuisine,41.0341216,28.8653445,Esenler,09:00-22:00,Medium
Tickerdaze,Dining,World Cuisine,41.2613054,28.7391028,Arnavutköy,09:00-22:00,Medium
Zübeyde Hanim,History & Culture,Historical Building,41.0187122,29.0131431,Üsküdar,09:00-22:00,Low
YO! Sushi,Dining,Sushi,41.2621864,28.7394748,Arnavutköy,09:00-22:00,High
Brewmark,Dining,World Cuisine,41.2617281,28.746483,Arnavutköy,09:00-22:00,Medium
Saray,Dining,World Cuisine,41.0037497,28.9718011,Fatih,09:00-22:00,Medium
Bayrampaşa Belediyesi Fatih Parkı Sosyal Tesisleri,Dining,World Cuisine,41.0344926,28.9183353,Eyüpsultan,09:00-22:00,Medium
Altıntepsi Su Terazisi,History & Culture,Historical Building,41.0346712,28.8968447,Bayrampaşa,09:00-22:00,Low
Lue karaköy,Dining,World Cuisine,41.025648,28.9805011,Beyoğlu,09:00-22:00,Medium
Karlıtepe Kule Restaurant,Dining,World Cuisine,41.1243027,29.1225779,Beykoz,09:00-22:00,Medium
Balık Lokantası,Dining,World Cuisine,41.123342,29.124788,Beykoz,09:00-22:00,Medium
Glens,Dining,World Cuisine,41.0502081,28.9912242,Şişli,09:00-22:00,Medium
Brasserie,Dining,World Cuisine,41.0497244,28.9921264,Şişli,09:00-22:00,Medium
Nisantasi 22,Dining,World Cuisine,41.0490146,28.9922935,Şişli,09:00-22:00,Medium
Nisantasi Koftecisi,Dining,World Cuisine,41.0488472,28.9947734,Şişli,09:00-22:00,Medium
Muhit Burger,Dining,World Cuisine,41.049964,28.9953485,Şişli,09:00-22:00,Medium
Grey Food & Drink,Dining,World Cuisine,41.0497452,28.995224,Şişli,09:00-22:00,Medium
Sade 5 continents food,Dining,World Cuisine,41.0519805,28.9923414,Şişli,09:00-22:00,Medium
New Yorker Pizza,Dining,World Cuisine,41.050056,28.99552,Şişli,09:00-22:00,Medium
Tatbak 1960,Dining,World Cuisine,41.0520214,28.9922846,Şişli,09:00-22:00,Medium
Asiri Karadeniz Pide Lahmacun,Dining,World Cuisine,41.0549843,28.9933794,Şişli,09:00-22:00,Medium
Feronia Meyhanesi,Dining,World Cuisine,41.052077,28.9951457,Şişli,09:00-22:00,Medium
Lahmacum Plus,Dining,World Cuisine,41.0527039,28.9939729,Şişli,09:00-22:00,Medium
Aleni Yemek ve Kavurma,Dining,World Cuisine,41.0548807,28.9933283,Şişli,09:00-22:00,Medium
Saray Muhallebicisi 1935,Dining,World Cuisine,41.0563434,28.986716,Şişli,09:00-22:00,Medium
Sadrazam Bahir Mustafa Paşa Çeşmesi,Other,General,41.0425394,28.9181886,Gaziosmanpaşa,09:00-22:00,Low
Beylerbeyi Iskele Restaurant,Dining,World Cuisine,41.0447216,29.0449021,Üsküdar,09:00-22:00,Medium
Mahkeme lokantasi,Dining,Turkish,41.0237033,28.9718992,Beyoğlu,09:00-22:00,Medium
Yoremiz pide salonu,Dining,World Cuisine,41.0268621,28.9779762,Beyoğlu,09:00-22:00,Medium
Galata Ev Yemekleri,Dining,World Cuisine,41.0262138,28.9769454,Beyoğlu,09:00-22:00,Medium
Galata Kitchen,Dining,World Cuisine,41.0264651,28.9756746,Beyoğlu,09:00-22:00,Medium
Galata Rithim Koftecisi,Dining,World Cuisine,41.0238201,28.9780631,Beyoğlu,09:00-22:00,Medium
Fasuli Lokantalari,Dining,World Cuisine,41.0260327,28.9815473,Beyoğlu,09:00-22:00,Medium
Parantez Karaköy,Dining,World Cuisine,41.0246055,28.9790359,Beyoğlu,09:00-22:00,Medium
Paşa Köfte Karaköy,Dining,World Cuisine,41.0258938,28.9802662,Beyoğlu,09:00-22:00,Medium
Tahin,Dining,Lebanese,41.0246752,28.9789373,Beyoğlu,Mo-Su 12:00-21:45,Medium
Tarihi Sütun,History & Culture,Historical Building,41.0120877,29.0550874,Kadıköy,09:00-22:00,Low
13 Döner,Dining,Turkish,41.1056199,28.9868307,Kağıthane,09:00-22:00,Medium
Temiz,Dining,Turkish,41.1252807,29.1013838,Beykoz,09:00-22:00,Medium
Hanımefendi Park,Nature & Park,Park,41.0625013,28.9861619,Şişli,24/7,Low
Cihangir Ulaş Balıkçılık,Dining,Turkish;Fish,41.0301922,28.9815521,Beyoğlu,"We, Fr-Mo 11:00-00:00",Medium
Yalıköy Taşfırın,Dining,Turkish,41.1373908,29.0864066,Beykoz,09:00-22:00,Medium
15 Temmuz Şehitleri Zafer Anıtı,History & Culture,Historical Building,41.03699,29.0422754,Üsküdar,09:00-22:00,Low
Pak Pide,Dining,Turkish,41.0145915,28.9679948,Fatih,Mo-Sa 11:00-15:00,Medium
Yeşil Orman Kahvaltı Cafe,Dining,World Cuisine,41.1679951,28.9058749,Sultangazi,09:00-22:00,Medium
Fatih Sultan Mehmet Anıtı,History & Culture,Historical Building,41.0303472,28.9370228,Eyüpsultan,09:00-22:00,Low
İstanbul’un Orta Noktası,History & Culture,Historical Building,41.0131228,28.957839,Fatih,09:00-22:00,Low
Alem,Dining,World Cuisine,41.0347106,28.9775527,Beyoğlu,09:00-22:00,Medium
Köfteci Ramiz,Dining,World Cuisine,41.0357542,28.91999,Eyüpsultan,09:00-22:00,Medium
Beykoz Paça İşkembe ve Kokoreç,Dining,World Cuisine,41.1340487,29.092509,Beykoz,09:00-22:00,Medium
Kardeşler Lokantası,Dining,World Cuisine,41.1341821,29.0925204,Beykoz,09:00-22:00,Medium
Beykoz Sosyal Tesisleri,Dining,World Cuisine,41.1313007,29.092975,Beykoz,09:00-22:00,Medium
Saray Muhallebicisi,Dining,Turkish,41.0629744,28.9934611,Şişli,Mo-Su 10:00-22:00,Medium
Çiğköfteci Sait,Dining,Turkish,41.1451097,29.0875057,Beykoz,09:00-22:00,Medium
Mirar Sinan,Dining,World Cuisine,41.0158363,28.9627761,Fatih,09:00-22:00,Medium
Kuru Fasulyeci Süleyman,Dining,World Cuisine,41.0154426,28.9632486,Fatih,09:00-22:00,Medium
Beydagi,Dining,World Cuisine,41.0157263,28.9628873,Fatih,09:00-22:00,Medium
Asur Hotel,Dining,World Cuisine,41.0132154,28.9767149,Fatih,Mo-Su 12:00-02:00,Medium
Hanzade Terrace Restaurant,Dining,World Cuisine,41.0064454,28.9700542,Fatih,Mo-Su 12:00-23:00,Medium
Arifoğlu Cafe & Restaurant,Dining,World Cuisine,41.0105804,28.8906419,Zeytinburnu,09:00-22:00,Medium
Divana Döner Kebap,Dining,World Cuisine,41.0335204,28.8590501,Esenler,09:00-22:00,Medium
Tarihi Kastamonu Börekçisi,Dining,World Cuisine,41.0334247,28.8606927,Esenler,09:00-22:00,Medium
Hacı Sayid,Dining,World Cuisine,41.1075795,28.8031495,Başakşehir,09:00-22:00,Medium
Sıla Börek,Dining,World Cuisine,41.1089647,28.8027421,Başakşehir,09:00-22:00,Medium
Faruk Güllüoğlu,Dining,World Cuisine,41.1081798,28.8031748,Başakşehir,09:00-22:00,Medium
Ziyade Et Lokantası,Dining,World Cuisine,41.1078515,28.8031454,Başakşehir,09:00-22:00,Medium
Emirgan Sütiş,Dining,World Cuisine,41.06294,28.9900418,Şişli,09:00-22:00,Medium
Pehlivan,Dining,World Cuisine,41.0626737,28.9895553,Şişli,09:00-22:00,Medium
Semazen Cafe,Dining,World Cuisine,41.046769,28.9331795,Eyüpsultan,09:00-22:00,Medium
Ercan Burger,Dining,World Cuisine,41.0467333,28.932526,Eyüpsultan,09:00-22:00,Medium
Köfteci Ramiz,Dining,World Cuisine,41.0468053,28.9325691,Eyüpsultan,09:00-22:00,Medium
Bereket Döner,Dining,World Cuisine,41.0471033,28.9329303,Eyüpsultan,09:00-22:00,Medium
Esmer Chef Fish House,Dining,World Cuisine,41.015816,28.9760694,Beyoğlu,09:00-22:00,Medium
Esmer Chef,Dining,World Cuisine,41.0326632,28.9763838,Beyoğlu,09:00-22:00,Medium
Çimen,Dining,World Cuisine,41.0230208,29.0151656,Üsküdar,09:00-22:00,Medium
Burcu Börek,Dining,World Cuisine,41.158674,28.9129352,Sultangazi,09:00-22:00,Medium
Meşhur Kemer Börekçisi,Dining,World Cuisine,41.1588856,28.9143187,Sultangazi,09:00-22:00,Medium
Peace Pole,History & Culture,Historical Building,41.0830989,29.0522193,Beşiktaş,09:00-22:00,Low
Nicole,Dining,World Cuisine,41.0302302,28.9778284,Beyoğlu,09:00-22:00,Medium
URFALİMSAVAKUSTA,Dining,Turkish,41.0129014,28.9484304,Fatih,Mo-Su 10:00-02:00,Medium
Bi Nevi Deli,Dining,World Cuisine,41.0795578,29.0331665,Beşiktaş,09:00-22:00,Medium
Divella Bistro Restaurant,Dining,Seafood;Italian_Pizza;Russian;Beef_Bowl;Fish_And_Chips;Italian;Coffee_Shop;Local;Mediterranean;Barbecue;Tea;Fine_Dining;Pizza;Steak_House;Turkish;Fish;Pasta;Kebab;Breakfast;Grill,41.006432,28.9808176,Fatih,Mo-Su 10:00-00:55,High
Tatpita Boşnak Böreği,Dining,World Cuisine,41.0111635,28.9592454,Fatih,09:00-22:00,Medium
Nusret,Dining,World Cuisine,41.1109514,29.0325656,Sarıyer,09:00-22:00,Medium
Lezzet-i Sark,Dining,World Cuisine,41.0170784,28.969287,Fatih,09:00-22:00,Medium
Galista,Dining,World Cuisine,41.026121,28.9747338,Beyoğlu,09:00-22:00,Medium
Street Market,Other,General,41.0172592,28.9689817,Fatih,09:00-22:00,Low
Mangerie Bebek,Dining,World Cuisine,41.0784465,29.0446797,Beşiktaş,09:00-22:00,Medium
Park Balık Çekmeköy,Dining,Seafood;Fish;Fish_And_Chips;Turkish,41.0121404,29.1794986,Ümraniye,10:00-02:00,Medium
Esenköşk,Dining,World Cuisine,41.0687834,29.0086896,Şişli,09:00-22:00,Medium
Beyzade Künefe,Dining,Turkish,41.075559,28.9421711,Eyüpsultan,Mo-Su 08:00-01:30,Medium
HD İskender,Dining,Kebab,41.0460052,28.8975458,Bayrampaşa,09:00-22:00,Medium
Kayseri Mutfağı,Dining,World Cuisine,41.0461336,28.8969668,Bayrampaşa,09:00-22:00,Medium
Pidem,Dining,World Cuisine,41.0461185,28.8971633,Bayrampaşa,09:00-22:00,Medium
Günaydın Köfte & Döner,Dining,World Cuisine,41.0461192,28.8970592,Bayrampaşa,09:00-22:00,Medium
HD Döner,Dining,World Cuisine,41.0460415,28.897121,Bayrampaşa,09:00-22:00,Medium
Kardeşler Lokantası,Dining,World Cuisine,41.1596592,28.9131955,Sultangazi,09:00-22:00,Medium
Tanrıdağ Uygur Restaurant,Dining,World Cuisine,41.0134872,28.9376529,Fatih,Mo-Su 10:00-00:00,Medium
Kerte Gusto,Dining,Breakfast;Turkish;Barbecue,41.0467427,29.2528111,Çekmeköy,09:00-22:00,Medium
Cico,Dining,Chicken;Turkish,41.0338103,28.9790636,Beyoğlu,Mo-Su 11:00-22:00,Medium
Cafe Berry,Dining,Turkish,41.0362791,28.9753057,Beyoğlu,Mo-Su 08:00-17:00,Medium
Karadeniz Pide Vefa,Dining,World Cuisine,41.0172793,28.9583182,Fatih,Mo-Sa 07:30-19:00,Medium
Kamondo Merdivenleri,History & Culture,Historical Building,41.0239741,28.9737825,Beyoğlu,09:00-22:00,Low
Kudus,Dining,Turkish,41.0116182,28.9496574,Fatih,09:00-22:00,Medium
Saray Lokantası,Dining,Turkish;Regional,41.0357258,28.9755313,Beyoğlu,09:00-22:00,Medium
Tarihi Cemberlitas Muhallebicisi,Dining,Turkish,41.0079631,28.9714864,Fatih,Mo-Su 07:00-22:00,Medium
Kargümüş Park Lokantası,Dining,Regional,41.0395225,29.068725,Ümraniye,09:00-22:00,Medium
Köfte Piyaz,Dining,World Cuisine,41.0242809,29.0828377,Ümraniye,09:00-22:00,Medium
Oba Restaurant,Dining,Turkish,41.0062089,28.964979,Fatih,09:00-22:00,Medium
Mangalbaşı,Dining,World Cuisine,41.0653494,28.793731,Başakşehir,09:00-22:00,Medium
Zhû İstanbul,Dining,Sushi,41.0514328,28.9956856,Şişli,09:00-22:00,High
Jumba Künefe & Katmer,Dining,World Cuisine,41.0685283,29.0088983,Şişli,09:00-22:00,Medium
Köşebaşı Kafe Börek,Dining,World Cuisine,41.0690292,29.0087754,Şişli,09:00-22:00,Medium
Mualla,Dining,World Cuisine,41.0690726,29.008877,Şişli,09:00-22:00,Medium
Çıtır Usta Pideci,Dining,World Cuisine,41.0479361,29.0023532,Beşiktaş,09:00-22:00,Medium
Sen Balik,Dining,World Cuisine,41.0339586,28.9777464,Beyoğlu,09:00-22:00,Medium
OKYANUS,Dining,World Cuisine,41.0247217,29.016315,Üsküdar,09:00-22:00,Medium
Nefes,Dining,World Cuisine,41.0297214,28.9793455,Beyoğlu,09:00-22:00,Medium
Saray Güveç,Dining,Breakfast,41.0766783,28.8891748,Sultangazi,Mo-Su 06:00-21:00,Medium
Bakırköy Döner,Dining,Doner,41.074079,28.8875538,Bayrampaşa,Mo-Fr 09:00-17:00,Medium
Abacı Dede Türbesi,History & Culture,Historical Building,41.0195837,29.0224407,Üsküdar,09:00-22:00,Low
Emin Baba Tekkesi,Other,General,41.0325687,28.9362445,Eyüpsultan,09:00-22:00,Low
Acıbadem Sahra Kebap Ve Dürüm Evi,Dining,World Cuisine,41.0006103,29.0399603,Kadıköy,09:00-22:00,Medium
Tahtasaray,Dining,Turkish,41.087897,29.0118426,Beşiktaş,Mo-Su 11:00-21:00,Medium
مطعم المدينه,Dining,World Cuisine,41.075496,29.0182714,Şişli,09:00-22:00,Medium
Fiko Ocakbaşı,Dining,Turkish;Kebab,41.1215149,29.0698691,sarıyer,Mo-Su 12:00-00:30,Medium
Azur,Dining,Seafood,41.1217336,29.0702473,sarıyer,Mo-Su 10:00-00:00,Medium
Emek Mantı Evi,Dining,Turkish,41.1189188,29.0675128,sarıyer,Mo-Su 08:00-23:30,Medium
Tiryaki Restorant,Dining,Turkish;Kebab,41.1181389,29.0659923,Sarıyer,24/7,Medium
Sandal Balık,Dining,Seafood,41.1164376,29.0629283,Sarıyer,Mo-Su 11:00-22:30,Medium
Fish Var,Dining,Seafood,41.1142096,29.0596419,Beykoz,Mo-Su 09:00-23:00,Medium
Yeniköy Lokantası,Dining,Turkish,41.1219304,29.0704622,sarıyer,Mo-Su 08:00-19:00,Medium
Arnavutköy Balıkçısı,Dining,Seafood,41.1185944,29.0674689,sarıyer,Mo-Su 10:00-00:00,Medium
Takanik Balık Park,Dining,Seafood,41.1171306,29.0637533,Sarıyer,Mo-Su 11:30-22:30,Medium
Yeniköy Kavak Balıkçısı,Dining,Seafood,41.1171228,29.063738,Sarıyer,Mo-Su 09:00-01:00,Medium
Köfteci halil Rumelihisarı,Dining,Turkish,41.0887692,29.0567056,sarıyer,Mo-Su 11:00-23:00,Medium
Kiss The Frog Seafood Brasserie,Dining,Chinese;Pizza;Sushi;Seafood,41.0883391,29.0567299,sarıyer,Mo-Su 12:00-02:00,High
Köprüaltı,Dining,Seafood;Turkish,41.0883221,29.0567246,sarıyer,Mo-Su 12:00-02:00,Medium
Rumeli Balıkçısı,Dining,Seafood,41.0863633,29.0567881,sarıyer,09:00-22:00,Medium
Nezih Kebap-Yuvalama,Dining,Turkish;Regional;Kebab,41.0862376,29.0567643,sarıyer,Mo-Su 07:00-23:00,Medium
Bebek Balıkçı,Dining,Seafood,41.0775469,29.043913,Beşiktaş,Mo-Su 12:00-00:00,Medium
Bebek Köftecisi,Dining,Turkish,41.0771501,29.0429169,Beşiktaş,Mo-Su 11:00-22:00,Medium
Akıntı Burnu Balık Restaurant,Dining,Seafood,41.0679057,29.0456458,Beşiktaş,Mo-Su 12:00-01:00,Medium
Whisper Kitchen Bar,Dining,Turkish;Steak_House,41.0675437,29.0444219,Beşiktaş,Mo-Su 10:00-01:30,High
Curtis Restaurant&Bar,Dining,American,41.0673197,29.0429193,Beşiktaş,Mo-Su 10:00-02:00,Medium
Revma Balık,Dining,Seafood,41.0651149,29.0408169,Beşiktaş,Mo-Su 12:00-00:00,Medium
Şanda Tiryaki Ocakbaşı Restaurant,Dining,Turkish;Kebab,41.0650522,29.0369574,Beşiktaş,Mo-Su 11:00-01:00,Medium
Kuruçeşme AYBALIK,Dining,Seafood,41.0632596,29.0405634,Beşiktaş,Mo-Su 09:00-03:00,Medium
Mavi Balık,Dining,Seafood,41.0579516,29.0354991,Beşiktaş,Mo-Su 12:00-01:00,Medium
Ringa Sea Food,Dining,Seafood,41.0562387,29.0342862,Beşiktaş,Mo-Su 12:00-00:00,Medium
Noodle House,Dining,Chinese,41.0499993,28.9880493,Şişli,Mo-Su 11:30-23:00,Medium
Çekmeköy Yeditepe Sosyal Tesisleri,Dining,World Cuisine,41.0273911,29.2329913,Sancaktepe,09:00-22:00,Medium
ramiz köfte,Dining,World Cuisine,41.030229,29.2319105,Sancaktepe,09:00-22:00,Medium
Kerim Tekin Sokak Parkı,Nature & Park,Park,41.0060194,28.8797345,Güngören,09:00-22:00,Low
Faruk Güllüoğlu,Dining,World Cuisine,41.0365239,28.9852898,Beyoğlu,09:00-22:00,Medium
Rakofoli,Dining,Barbecue;Turkish,41.0225311,28.9736058,Karaköy,09:00-22:00,Medium
Loop Food,Dining,World Cuisine,41.2354464,29.0558091,Sarıyer,09:00-22:00,Medium
Salih Country,Dining,World Cuisine,41.2220796,29.0340573,Sarıyer,09:00-22:00,Medium
Gökdoğan Garden Restoran,Dining,World Cuisine,41.2230445,29.0339101,Sarıyer,09:00-22:00,Medium
Bolu1 Köy Kahvaltısı,Dining,World Cuisine,41.2203293,29.03301,Sarıyer,09:00-22:00,Medium
Yeşil Çiftlik,Dining,World Cuisine,41.2211085,29.0330815,Sarıyer,09:00-22:00,Medium
Huzur Bahçe Restaurant Mangal Başı,Dining,World Cuisine,41.2231768,29.035417,Sarıyer,09:00-22:00,Medium
MOMO Bebeköy,Dining,World Cuisine,41.0767467,29.0389983,Beşiktaş,09:00-22:00,Medium
Backyard,Dining,World Cuisine,41.0754623,29.0375452,Beşiktaş,09:00-22:00,Medium
Poyraz Sahil Balık Restaurant,Dining,World Cuisine,41.2057659,29.1313779,Beykoz,09:00-22:00,Medium
Poyraz Sahil Balık Restaurant,Dining,World Cuisine,41.2058492,29.1318339,Beykoz,09:00-22:00,Medium
Poyraz Sahil Balık Restaurant,Dining,World Cuisine,41.206067,29.1321094,Beykoz,09:00-22:00,Medium
Zerina,Dining,World Cuisine,41.0230421,28.9609549,Fatih,09:00-22:00,Medium
SARIKAYA KEBAP (KEBAPCI),Dining,Turkish,41.0262402,28.9733863,Beyoğlu,Mo-Su 08:00-20:00,Medium
Ono Restaurant,Dining,Burger;International;Pizza;Sandwich;Steak_House,41.1184923,28.7734029,Başakşehir,Mo-Su 10:00-23:59,High
Balkan Lokantası,Dining,Turkish,41.013632,28.974779,Fatih,09:00-22:00,Medium
Eleos Restaurant,Dining,World Cuisine,41.0294546,28.9753812,Beyoğlu,09:00-22:00,Medium
Three partners cafe & restaurant,Dining,World Cuisine,41.0035144,28.9735019,Fatih,09:00-22:00,Medium
Bitlisli,Dining,Regional,41.0137105,28.9755764,Fatih,09:00-22:00,Medium
Saltanat fish & kebab house,Dining,World Cuisine,41.0091652,28.9755131,Fatih,09:00-22:00,Medium
Can Can Tantuni & Künefe,Dining,Turkish,41.0413825,28.9084763,Bayrampaşa,09:00-22:00,Medium
Köfteci Yusuf,Dining,Turkish,41.0530979,28.9100869,Bayrampaşa,Mo-Su 08:00-00:00,Medium
Damak Pide & Güveç Salonu,Dining,Turkish,41.0574401,28.9122714,Gaziosmanpaşa,09:00-22:00,Medium
Dubb Ethnic,Dining,Turkish,41.004345,28.9800101,Fatih,09:00-22:00,Medium
Adnan Sarıhan gusto,Dining,Turkish,41.0809106,29.0364551,Beşiktaş,09:00-22:00,Medium
Wama's,Dining,Turkish;International,41.0336994,28.9779709,Beyoğlu,09:00-22:00,Medium
Karçma Kriha Restaurant,Dining,World Cuisine,41.10916,29.2093956,Çekmeköy,09:00-22:00,Medium
Faros,Dining,World Cuisine,41.0083157,28.9738923,Fatih,09:00-22:00,Medium
Çöp şiş,Dining,World Cuisine,41.0016771,29.1383402,Ataşehir,09:00-22:00,Medium
Dayı,Dining,World Cuisine,41.0051344,29.1319494,Ataşehir,09:00-22:00,Medium
Tarçın Restaurant,Dining,World Cuisine,41.0048737,29.1344198,Ataşehir,09:00-22:00,Medium
Gaziantepli Bozkaya Baklavaları,Dining,World Cuisine,41.0018987,29.1419127,Ataşehir,09:00-22:00,Medium
Zadegân Pasta,Dining,World Cuisine,41.002541,29.140964,Ataşehir,09:00-22:00,Medium
Sarıyer Börekçisi,Dining,World Cuisine,41.0020012,29.1381687,Ataşehir,09:00-22:00,Medium
Mesire,Dining,World Cuisine,41.0360982,29.1204395,Ümraniye,09:00-22:00,Medium
Asmali Canim Cigerim Ileana Usta,Dining,Turkish,41.0303311,28.9755101,Beyoğlu,Mo-Su 11:00-00:00,Medium
Rakun,Dining,World Cuisine,41.0065821,29.1335456,Ataşehir,09:00-22:00,Medium
Elif's Mantı,Dining,World Cuisine,41.0101371,29.1359468,Ataşehir,09:00-22:00,Medium
Burger Sausage,Dining,Burger,41.0063714,29.1337339,Ataşehir,09:00-22:00,Medium
Izgaradan,Dining,World Cuisine,41.0252583,29.0147749,Üsküdar,09:00-22:00,Medium
Terace Restaurant,Dining,World Cuisine,41.0540941,28.9480406,Eyüpsultan,09:00-22:00,Medium
Nizam Pide Galatasaray,Dining,World Cuisine,41.0346527,28.9765775,Beyoğlu,Mo-Sa 08:00-17:00; Su 09:00-16:00,Medium
Golden Midye,Dining,Seafood,41.0340249,28.9777068,Beyoğlu,Mo-Su 12:00-22:00,Medium
Mercan Cocorec,Dining,Seafood,41.0342242,28.9775767,Beyoğlu,09:00-22:00,Medium
Nadide,Dining,World Cuisine,41.069877,29.0076143,Şişli,09:00-22:00,Medium
Köşebaşı Balık,Dining,World Cuisine,41.069117,29.0086814,Şişli,09:00-22:00,Medium
Malikâne No.15,Dining,World Cuisine,41.0693898,29.0078297,Şişli,09:00-22:00,Medium
Melekler Ocakbaśi,Dining,World Cuisine,41.0351479,28.9831498,Beyoğlu,09:00-22:00,Medium
Brio İtalian İstanbul,Dining,Italian;Pizza;European,41.2242953,29.0360282,Sarıyer,Mo-Su 12:00-24:00,Medium
Otantik,Dining,World Cuisine,41.0097208,28.9762195,Fatih,08:00-23:30,Medium
Pınar Mah. Parkı,Nature & Park,Park,41.1261171,29.0317932,Sarıyer,09:00-22:00,Low
Harem-Üsküdar Arası Sahil Parkları,Nature & Park,Park,41.0199993,29.0076855,Üsküdar,09:00-22:00,Low
Taner Börek,Dining,World Cuisine,41.0009709,29.040498,Kadıköy,09:00-22:00,Medium
Tarihi Kadıköy Dönercisi,Dining,World Cuisine,41.0015821,29.0407531,Kadıköy,09:00-22:00,Medium
Konoha Susi,Dining,World Cuisine,41.0016549,29.0404506,Kadıköy,09:00-22:00,Medium
Bafra Karafırın,Dining,Turkish,41.1534773,29.0377431,Sarıyer,09:00-22:00,Medium
TaşFırın,Dining,Kebab,41.0003111,29.0851264,Ataşehir,Mo-Su 09:00-22:00,Medium
Aynalıkavak Kasrı (Milli Saraylar),Other,General,41.0372674,28.9554478,Beyoğlu,09:00-22:00,Low
Emirzade,Dining,World Cuisine,41.0011084,29.0406933,Kadıköy,09:00-22:00,Medium
Arsemia,Dining,World Cuisine,41.0009896,29.0420888,Kadıköy,09:00-22:00,Medium
Bombay Masala Indian Restaurant,Dining,World Cuisine,41.0081165,28.9716616,Fatih,09:00-22:00,Medium
Corvino,Dining,Italian;American;French;International;Seafood,41.0355727,29.0299852,Üsküdar,09:00-22:00,Medium
Görele Yemek Salonu,Dining,Regional;Turkish,41.03569,29.0299045,Üsküdar,09:00-22:00,Medium
rifi restaurant,Dining,World Cuisine,41.0935824,28.7744113,Başakşehir,09:00-22:00,Medium
Garden Fiesta,Dining,World Cuisine,41.1852689,29.0143199,Sarıyer,09:00-22:00,Medium
Coşkun sucuk,Dining,World Cuisine,41.0655218,28.8247312,Bağcılar,09:00-22:00,Medium
Olimpiyat Restaurant,Dining,Kebab;Local;Seafood;Turkish,41.0219093,28.9760135,Beyoğlu,09:00-22:00,Medium
Odessa Restaurant,Dining,World Cuisine,41.0219439,28.9762938,Beyoğlu,09:00-22:00,Medium
Afrodit Restaurant,Dining,World Cuisine,41.0219679,28.9764648,Beyoğlu,09:00-22:00,Medium
Mare Karaköy,Dining,World Cuisine,41.0219602,28.9764102,Beyoğlu,09:00-22:00,Medium
360 Roof Mezze,Dining,World Cuisine,41.0138017,28.9769612,Beyoğlu,Mo-Su 13:00-23:30,Medium
By Arnavut Köfte & Piyaz,Dining,Turkish,41.0450219,28.9067517,bayrampaşa,10:00-22:00,Medium
Basketbol Sahası,Nature & Park,Park,41.0047921,28.9219109,Zeytinburnu,09:00-22:00,Low
Burak Steak House,Dining,World Cuisine,41.0344118,28.9823328,Beyoğlu,09:00-22:00,Medium
Karadeniz Pide Lahmacun,Dining,World Cuisine,41.1323443,28.7784602,Başakşehir,09:00-22:00,Medium
Kalender Fırın,Dining,World Cuisine,41.1363082,28.7716437,Başakşehir,09:00-22:00,Medium
Kayali,Dining,World Cuisine,41.0733841,28.7799019,Başakşehir,09:00-22:00,Medium
Grace Rooftop Restaurant,Dining,Barbecue;Breakfast;Coffee_Shop;Fish;Italian;Mediterranean,41.0062591,28.9736688,Fatih,Mo-Su 08:00-01:00,Medium
Ist Too,Dining,Turkish;Sushi,41.0404011,29.0054246,Sinanpaşa,Mo-Su 07:00-23:00,High
Shang Palace,Dining,Chinese,41.0403805,29.0053244,Sinanpaşa,"Mo-Su 12:00-15:00, 18:00-23:00",Medium
Kuzcunkuk,Other,General,41.0361138,29.0303873,Üsküdar,09:00-22:00,Low
Kalamar,Dining,World Cuisine,41.0038157,28.9651473,Fatih,09:00-22:00,Medium
İntiba Döner,Dining,World Cuisine,41.0834683,28.9773282,Kağıthane,09:00-22:00,Medium
Sultanhmet terrace restaurant,Dining,World Cuisine,41.0051158,28.9790747,Fatih,09:00-22:00,Medium
Çelebi ev yemekleri,Dining,World Cuisine,41.0681316,29.0429186,Beşiktaş,09:00-22:00,Medium
400C Pizza,Dining,World Cuisine,41.0501529,28.9956996,Şişli,09:00-22:00,Medium
Lotiz Laung,Dining,World Cuisine,41.0116634,28.9579013,Fatih,09:00-22:00,Medium
BEHZADEM KEBAB & FİSH HOUSE,Dining,Arab;Balkan;Breakfast;Coffee_Shop;Fine_Dining;Fish;International,41.0115971,28.9592713,Fatih,Mo-Su 09:00-13:00,Medium
Meşhur Sultanahmet Köftecisi,Dining,Turkish,41.0519325,28.9171668,Eyüpsultan,09:00-22:00,Medium
Beykoz Pide,Dining,World Cuisine,41.1342527,29.0926711,Beykoz,09:00-22:00,Medium
Yonca Restaurant,Dining,Turkish,41.0068796,28.9584095,Fatih,09:00-22:00,Medium
Meşhur Rami Pilavcısı Önder Usta,Dining,Turkish,41.0482646,28.9209374,Gaziosmanpaşa,09:00-22:00,Medium
Çiğköfteci Mehmet Usta,Dining,Turkish,41.0486754,28.9207538,Gaziosmanpaşa,09:00-22:00,Medium
Gözlemece,Dining,World Cuisine,41.044,29.003581,Beşiktaş,09:00-22:00,Medium
Mamikler Künefe Katmer,Dining,World Cuisine,41.023277,29.0413654,Üsküdar,09:00-22:00,Medium
Pınar Pide Börek,Dining,Turkish,41.0126381,29.1991575,Çekmeköy,09:00-22:00,Medium
Pizza Lazza,Dining,Pizza,41.0092486,29.194013,Çekmeköy,Mo-Su 10:00-03:00,Medium
İnadiye Çeşmesi,History & Culture,Historical Building,41.0168678,29.0182018,Üsküdar,09:00-22:00,Low
Mamoste Kunafe,Dining,World Cuisine,41.1168531,28.7735024,Başakşehir,09:00-22:00,Medium
Kardeşler Sofrası,Dining,Turkish,41.0464998,28.9129982,Gaziosmanpaşa,09:00-22:00,Medium
Mehmet Akif Ersoy Parkı,Nature & Park,Park,41.0077677,28.9754453,Fatih,09:00-22:00,Low
Haşmenler Pide Börek,Dining,World Cuisine,41.0251803,29.1000954,Ümraniye,09:00-22:00,Medium
Köfteci Yusuf,Dining,Turkish,41.0257797,29.0977003,Ümraniye,09:00-22:00,Medium
Dayı Kürek Lahmacun,Dining,World Cuisine,41.0227899,29.036023,Üsküdar,09:00-22:00,Medium
Meşhur Sarıyer Börekçisi,Dining,World Cuisine,41.0244884,29.104939,Ümraniye,09:00-22:00,Medium
Dürümce,Dining,World Cuisine,41.0417264,29.0083082,Beşiktaş,09:00-22:00,Medium
Lookin,Dining,World Cuisine,41.0413904,29.0084254,Beşiktaş,09:00-22:00,Medium
كنافة نابلسي,Dining,World Cuisine,41.0203859,28.9486275,Fatih,09:00-22:00,Medium
Sofram Karadeniz Pidesi,Dining,Turkish,41.0518144,28.9179959,Eyüpsultan,09:00-22:00,Medium
Ali Baba Et Mangal,Dining,Meat,41.0109779,29.1946742,Sancaktepe,24/7,Medium
Yemen Mandi,Dining,Arab,41.1181127,28.7734026,Başakşehir,09:00-22:00,Medium
Şef'im Burger,Dining,Burger,41.1183815,28.7734079,Başakşehir,09:00-22:00,Medium
Ayten Sokak Parkı,Nature & Park,Park,41.0468441,28.920785,Gaziosmanpaşa,09:00-22:00,Low
Ezme Dürüm Evi,Dining,Turkish,41.040284,28.9126345,Bayrampaşa,09:00-22:00,Medium
Jdoudna Oriental Restaurant,Dining,World Cuisine,41.0117096,28.9412964,Fatih,09:00-22:00,Medium
Gaziantepli Köşkeroğlu Restaurant,Dining,Turkish;Kebab,41.0082246,28.8142727,Bağcılar,09:00-22:00,Medium
Sinpaş Time ve Park Sitesi,Nature & Park,Park,41.0034089,29.1165886,Ataşehir,09:00-22:00,Low
Iraquien Restaurant Bagdadi,Dining,World Cuisine,41.0142049,28.943543,Fatih,09:00-22:00,Medium
Melek Lokantasi,Dining,World Cuisine,41.0161205,28.9310059,Fatih,09:00-22:00,Medium
Gate of Rhegion,Other,General,41.014097,28.92199,Zeytinburnu,09:00-22:00,Low
Gate of Rhegion,Other,General,41.0140859,28.9220687,Zeytinburnu,09:00-22:00,Low
Dervişan Merkezefendi Köftecisi,Dining,Turkish,41.0142197,28.9190283,Zeytinburnu,09:00-22:00,Medium
Ali Baba Büfe,Dining,Pakistani,41.0378601,28.9823687,Beyoğlu,Mo-Su 12:00-23:00,Medium
Da Mario,Dining,World Cuisine,41.0787555,29.0322742,Beşiktaş,09:00-22:00,Medium
Konyalı Köşk,Dining,World Cuisine,41.0581652,28.912674,Gaziosmanpaşa,09:00-22:00,Medium
Demeti,Dining,Mediterranean;Turkish,41.0305124,28.9841471,Beyoğlu,09:00-22:00,Medium
Cebeci Köyü Rum Kilisesi Kalıntıları,Other,General,41.1223229,28.8837706,Sultangazi,09:00-22:00,Low
Avasköyü Yolu Mahalle Parkı,Nature & Park,Park,41.0609042,28.8927979,Bayrampaşa,09:00-22:00,Low
Avasköy Yolu Parkı,Nature & Park,Park,41.0606369,28.8932685,Bayrampaşa,09:00-22:00,Low
Gamze Et Lokantası,Dining,Steak_House,41.0636398,28.891639,Bayrampaşa,09:00-22:00,High
Hepsi Kebap,Dining,Turkish,41.0583865,28.8959998,Bayrampaşa,09:00-22:00,Medium
Spor Parkı,Nature & Park,Park,41.0634907,28.9067234,Gaziosmanpaşa,09:00-22:00,Low
323 SokakParkı,Nature & Park,Park,41.068801,28.8999243,Gaziosmanpaşa,09:00-22:00,Low
Hacıoğlu,Dining,World Cuisine,41.0935692,29.0907415,Beykoz,09:00-22:00,Medium
Fireroom Bebek,Dining,World Cuisine,41.077055,29.0436443,Beşiktaş,Mo-Su 12:00-22:00,Medium
Cumhuriyet Parkı,Nature & Park,Park,41.0845221,28.8727106,Sultangazi,09:00-22:00,Low
Nişan Taşı,History & Culture,Historical Building,41.051731,28.9915153,Şişli,09:00-22:00,Low
Arapça Kafe,Dining,World Cuisine,41.0045208,28.9797344,Fatih,09:00-22:00,Medium
Bathonea Arkeolojik Kazı Alanı,Other,General,41.0329087,28.7337663,Esenyurt,09:00-22:00,Low
770. Sokak Parkı,Nature & Park,Park,41.0714144,28.9073528,Gaziosmanpaşa,09:00-22:00,Low
Avlu,Dining,World Cuisine,41.0316226,28.9787653,Beyoğlu,09:00-22:00,Medium
Jash,Dining,World Cuisine,41.0311219,28.9865441,Beyoğlu,09:00-22:00,Medium
803/4. Sokak Parkı,Nature & Park,Park,41.0713469,28.9133034,Gaziosmanpaşa,09:00-22:00,Low
Haci Abdullah Lokantasi,Dining,Turkish,41.0352491,28.9803137,Beyoğlu,Mo-Su 11:00-23:00,Medium
Ertuğrul Gazi Parkı,Nature & Park,Park,41.0652537,28.9157618,Gaziosmanpaşa,09:00-22:00,Low
Habitat Kitchen,Dining,World Cuisine,41.0344803,29.0309951,Üsküdar,Mo-Fr 09:00-00:00; Sa-Su 07:00-02:00,Medium
Güven Et Lokantası,Dining,Steak_House,41.0664427,28.9052337,Gaziosmanpaşa,Mo-Sa 05:00-21:00,High
EtChef,Dining,Steak_House,41.058322,28.9126839,Gaziosmanpaşa,09:00-22:00,High
Galata Lily Café,Dining,Turkish,41.025589,28.9750379,Beyoğlu,09:00-22:00,Medium
Novas Hagiasophia,Dining,Turkish;Mediterranean,41.0343659,28.9839887,Beyoğlu,Mo-Su 10:00-03:00,Medium
Tarihi Leziz Pide Fırını,Dining,World Cuisine,41.0186387,28.96475,Fatih,09:00-22:00,Medium
Küçüksu Kasrı Mesire Alanı,Nature & Park,Park,41.076742,29.0651172,Ümraniye,09:00-22:00,Low
Beyt Halep Cafe & Restaurant,Dining,World Cuisine,41.0101085,28.9480545,Fatih,09:00-22:00,Medium
Kaburgacı Cabbar Ocakbaşı,Dining,World Cuisine,41.059345,29.0360908,Beşiktaş,12:00-01:00,Medium
Padre Casual Eatery,Dining,World Cuisine,41.0679596,29.0433658,Beşiktaş,09:00-22:00,Medium
Ghalia Launge,Dining,World Cuisine,41.0807086,29.0661647,Beykoz,Mo-Su 08:00-01:00,Medium
Hira Han,Dining,World Cuisine,41.0807576,29.0661852,Beykoz,Mo-Su 11:00-00:00,Medium
Seafront lounge,Dining,Breakfast;Fish;Seafood;Steak_House,41.006326,28.9813818,Fatih,Mo-Su 08:00-02:00,High
Filiz Dürüm & Lahmacun Evi,Dining,World Cuisine,41.0395503,28.9069469,Bayrampaşa,09:00-22:00,Medium
Tarihi İskender,Dining,World Cuisine,41.0357299,28.9107213,Bayrampaşa,09:00-22:00,Medium
Likepa,Dining,World Cuisine,41.0358481,28.9120822,Bayrampaşa,09:00-22:00,Medium
Şöhr-Et,Dining,World Cuisine,41.0008973,28.7116922,Avcılar,09:00-22:00,Medium
Keyf Mangalbaşı,Dining,World Cuisine,41.0038958,28.7080077,Avcılar,09:00-22:00,Medium
Meşhur Sarıyer Börekçisi,Dining,World Cuisine,41.0116186,28.953682,Fatih,09:00-22:00,Medium
Meşhur Sarıyer Börekçisi,Dining,World Cuisine,41.021892,29.1163961,Ümraniye,09:00-22:00,Medium
La Nostro,Dining,World Cuisine,41.0097939,29.1274718,Ataşehir,09:00-22:00,Medium
Bülent Börekçilik,Dining,World Cuisine,41.0216976,29.1172087,Ümraniye,09:00-22:00,Medium
Şifa İşkembe,Dining,World Cuisine,41.0214847,29.117874,Ümraniye,09:00-22:00,Medium
Köfteci Yusuf,Dining,Turkish,41.0217014,29.1170228,Ümraniye,09:00-22:00,Medium
efes pide & lahmacun,Dining,Lahmacun;Pide,41.0543831,28.9815919,şişli,11:00-24:00,Medium
Karadeniz Et Lokantası,Dining,World Cuisine,41.1154306,28.9983645,Kağıthane,09:00-22:00,Medium
Doğan Kardeşler Börek & Pide Salonu,Dining,World Cuisine,41.1154838,28.9988868,Kağıthane,09:00-22:00,Medium
Musa Gaziantep,Dining,World Cuisine,41.113734,28.9976603,Kağıthane,09:00-22:00,Medium
Payamzade,Dining,World Cuisine,41.114929,28.9980853,Kağıthane,09:00-22:00,Medium
Çorbacı Izgara,Dining,World Cuisine,41.1156054,28.9988186,Kağıthane,09:00-22:00,Medium
Meydan Et Lokantası,Dining,World Cuisine,41.1155873,28.9988315,Kağıthane,09:00-22:00,Medium
Karadeniz Balıkçısı Kaygın Kardeşler Balık Lokantası,Dining,World Cuisine,41.1155225,28.9991817,Kağıthane,09:00-22:00,Medium
Tarihi Mir Börek,Dining,World Cuisine,41.1159589,28.9980041,Kağıthane,09:00-22:00,Medium
Şerife Bacı Anıtı,History & Culture,Historical Building,41.115819,28.9981836,Kağıthane,09:00-22:00,Low
Mürver,Dining,International,41.024672,28.9800182,Beyoğlu,09:00-22:00,Medium
Nevale Mutfak,Dining,Regional,41.0453014,29.00366,beşiktaş,Mo-Su 11:00-22:00,Medium
Beyazit Kulesi,History & Culture,Historical Building,41.0113939,28.9646825,Fatih,09:00-22:00,Low
Vogue Restaurant & Bar,Dining,World Cuisine,41.0425913,29.0004079,Beşiktaş,09:00-22:00,Medium
Istiklâl Caddesi,Other,General,41.0346417,28.9801102,Beyoğlu,09:00-22:00,Low
Papel,Dining,International,41.0255288,28.9804748,Beyoğlu,09:00-22:00,Medium
Habesha Restaurant,Dining,World Cuisine,41.0354022,28.977731,Beyoğlu,09:00-22:00,Medium
Osi pizza & Pasta,Dining,World Cuisine,41.004951,28.9731577,Fatih,09:00-22:00,Medium
Izaka terrace,Dining,World Cuisine,41.0349353,28.9880122,Beyoğlu,24/7,Medium
Yosun Restorant,Dining,Seafood,41.1737338,29.0881893,Sarıyer,09:00-22:00,Medium
Atıştır 1989,Dining,Turkish,41.043094,28.9976125,Beşiktaş,Mo-Su 08:00-22:00,Medium
Buketist Lahmacun,Dining,World Cuisine,41.0431813,29.0056091,Beşiktaş,09:00-22:00,Medium
HD İskender,Dining,Kebab,41.0440668,29.0068519,Beşiktaş,09:00-22:00,Medium
Sampi Pide,Dining,World Cuisine,41.0434516,29.0067245,Beşiktaş,09:00-22:00,Medium
Tarihi Unkapanı Pilavcısı,Dining,World Cuisine,41.0431815,29.0065576,Beşiktaş,09:00-22:00,Medium
Baruthane Pilavcısı,Dining,World Cuisine,41.043401,29.0066984,Beşiktaş,09:00-22:00,Medium
Özen Tablacı Meşhur Adana Börekçisi,Dining,World Cuisine,41.1821183,28.7423477,Arnavutköy,09:00-22:00,Medium
Erdemler İstasyon Lokantası,Dining,World Cuisine,41.1826891,28.7425717,Arnavutköy,09:00-22:00,Medium
Köfteci Yusuf,Dining,Turkish,41.0402033,28.8108753,Bağcılar,09:00-22:00,Medium
Mesut Kasap,Dining,World Cuisine,41.098192,28.9016424,Sultangazi,09:00-22:00,Medium
Şahmaran,Dining,World Cuisine,41.0983235,28.9000333,Sultangazi,09:00-22:00,Medium
Home Made 1888,Dining,World Cuisine,41.0082292,28.9744265,Fatih,09:00-22:00,Medium
Az Çok Thai,Dining,World Cuisine,41.0322654,28.9810636,Beyoğlu,09:00-22:00,Medium
HuQQabaz,Dining,World Cuisine,41.0144911,28.9746018,Fatih,09:00-22:00,Medium
Baysan Tat Lokantası,Dining,World Cuisine,41.0205661,29.1220347,Ümraniye,09:00-22:00,Medium
Asır Erzurum Cağ Kebap,Dining,Turkish,41.0209409,29.1228304,Ümraniye,09:00-22:00,Medium
Spor Yazarları Parkı,Nature & Park,Park,41.0860578,29.0262655,Şişli,09:00-22:00,Low
Murat Parkı,Nature & Park,Park,41.0826761,29.0261643,Şişli,09:00-22:00,Low
Babil Parkı,Nature & Park,Park,41.0822898,29.0279668,Beşiktaş,09:00-22:00,Low
deltur restourant,Dining,World Cuisine,41.0338444,29.0248664,Üsküdar,09:00-22:00,Medium
Karaköy Börekçisi,Dining,World Cuisine,41.0021578,28.7873046,Küçükçekmece,05:00-15:00,Medium
Akar,Dining,World Cuisine,41.0149169,28.9630491,Fatih,09:00-22:00,Medium
Queb Lounge,Dining,American;Breakfast;Burger;Cake;Chicken;Coffee_Shop,41.0055205,28.9804384,Fatih,Mo-Su 09:00-03:00,Medium
Nakkaş Sarnıcı,Other,General,41.0041016,28.9751527,Fatih,Mo-Su 09:00-17:30,Low
İslambey Çeşmesi,Other,General,41.0514574,28.9267588,Eyüpsultan,09:00-22:00,Low
Ahmet Hulusi Dörtışık Hayratı,History & Culture,Historical Building,41.0526884,28.9194951,Gaziosmanpaşa,09:00-22:00,Low
Frontiere İstanbul,Dining,Regional;Italian;Sushi;French;German,41.0758735,29.0430039,Beşiktaş,Mo-Su 10:30-23:00,High
Arda Blue City,Dining,World Cuisine,41.0302976,29.0193269,Üsküdar,09:00-22:00,Medium
Rumeli restaurant,Dining,World Cuisine,41.0086099,28.9760855,Fatih,09:00-22:00,Medium
Hasan Rıza Paşa Çeşmesi,Other,General,41.0523275,28.9157172,Gaziosmanpaşa,09:00-22:00,Low
Tarihi Sultan Sofrası,Dining,World Cuisine,41.0477326,28.9327133,Eyüpsultan,09:00-22:00,Medium
Tarihi Hangah Osmanlı Mutfağı,Dining,World Cuisine,41.0476787,28.9327463,Eyüpsultan,09:00-22:00,Medium
Tarihi Eyüp Ağa Börek Pide Güveç,Dining,World Cuisine,41.0476331,28.932796,Eyüpsultan,09:00-22:00,Medium
Döner Deryası,Dining,Turkish;Kebab;Iskender,41.0478344,28.9325629,Eyüpsultan,Mo-Su 06:30-24:00,Medium
Çınaraltı Pide ve Lahmacun Salonu,Dining,World Cuisine,41.0476842,28.9325999,Eyüpsultan,09:00-22:00,Medium
Tunçlar Lokantası,Dining,World Cuisine,41.0425772,28.9855831,Beyoğlu,Mo-Su 12:00-17:00,Medium
Akcanlar Ocakbaşı,Dining,Turkish;Kebab,41.0425661,28.9857962,Beyoğlu,09:00-22:00,Medium
Kent Restaurant Ocakbaşı,Dining,World Cuisine,41.0242059,29.1072556,Ümraniye,09:00-22:00,Medium
Şişli Balıkçısı,Dining,Seafood;Fish,41.0617512,28.9868578,Şişli,Mo-Su 09:00-21:00,Medium
Barnathan roof,Dining,World Cuisine,41.0267743,28.9743987,Beyoğlu,Mo-Su 10:00-23:30,Medium
MR. Simone Breakfast&Cafe,Dining,World Cuisine,41.1098414,29.0411617,Sarıyer,09:00-22:00,Medium
Adana Güneş Kebap,Dining,World Cuisine,41.0169531,28.9561473,Fatih,09:00-22:00,Medium
Anas Chicken,Dining,World Cuisine,41.010079,28.9481628,Fatih,09:00-22:00,Medium
Pidem,Dining,Pide,41.0141752,28.9454414,Fatih,09:00-22:00,Medium
Üzüm Et,Dining,Steak_House,41.0493056,28.920065,Eyüpsultan,09:00-22:00,High
Musto`nun Yeri,Dining,Regional,41.0523834,28.9780172,Şişli,09:00-22:00,Medium
Acıktım Kebap Salonu,Dining,Turkish,41.0016338,28.7979552,Küçükçekmece,09:00-22:00,Medium
Meşhur Sarıyer Börekçisi,Dining,Turkish,41.0017772,28.7978073,Küçükçekmece,09:00-22:00,Medium
Ercan Burger,Dining,Steak_House,41.0764134,28.9448785,Kağıthane,09:00-22:00,High
Ciğerci Bahattin,Dining,Steak_House,41.0756531,28.9435803,Eyüpsultan,09:00-22:00,High
Köşem Döner,Dining,Turkish,41.0764478,28.9468982,Kağıthane,09:00-22:00,Medium
Cadde Katık Alibeyköy,Dining,Turkish,41.0768582,28.9412844,Eyüpsultan,09:00-22:00,Medium
Ali Ocakbasi Karakoy,Dining,World Cuisine,41.0224641,28.972734,Beyoğlu,09:00-22:00,Medium
ADORABLE HOTEL,Dining,World Cuisine,41.0125395,28.9780871,Fatih,09:00-22:00,Medium
Colorful houses,Other,General,41.029576,28.9476317,Fatih,24/7,Low
Kirpi,Dining,World Cuisine,41.0261872,28.9838976,Beyoğlu,09:00-22:00,Medium
Galata Balık,Dining,Turkish,41.0186852,28.9724549,Beyoğlu,09:00-22:00,Medium
Yaka Balık,Dining,Turkish,41.0188444,28.972571,Beyoğlu,09:00-22:00,Medium
Galata Nergis Balık,Dining,Turkish,41.0189906,28.9726756,Beyoğlu,09:00-22:00,Medium
Yıldızlar Restaurant,Dining,Turkish,41.0191111,28.9727595,Beyoğlu,09:00-22:00,Medium
Yirmibir,Dining,Turkish,41.0334719,28.9758438,Beyoğlu,09:00-22:00,Medium
Çorba Dünyasi Deniz Lokantasi,Dining,Turkish;Soup,41.0324509,28.9663957,Beyoğlu,09:00-22:00,Medium
Et Lokantasi,Dining,Turkish,41.0326045,28.9671229,Beyoğlu,09:00-22:00,Medium
Eataly,Dining,World Cuisine,41.0657237,29.0170481,Beşiktaş,09:00-22:00,Medium
Zanzibar,Dining,World Cuisine,41.0656202,29.0171224,Beşiktaş,09:00-22:00,Medium
Terezza italia,Dining,World Cuisine,41.0653902,29.0167963,Beşiktaş,09:00-22:00,Medium
By Balıkçı,Dining,Seafood,41.1611251,29.0443217,Sarıyer,09:00-22:00,Medium
Tarihi Urfa Kebap,Dining,World Cuisine,41.1684438,29.0569302,Sarıyer,09:00-22:00,Medium
Parmaksız,Dining,World Cuisine,41.159736,29.0404859,Sarıyer,09:00-22:00,Medium
Sarıyer Börek & Pide Salonu,Dining,World Cuisine,41.1681896,29.0562442,Sarıyer,09:00-22:00,Medium
İzzet Lokantası,Dining,World Cuisine,41.1607003,29.0430311,Sarıyer,09:00-22:00,Medium
Lokma rumeli,Dining,World Cuisine,41.0164858,28.9794865,Beyoğlu,09:00-22:00,Medium
iskender1867istanbul,Dining,Turkish,41.0521767,28.992922,Şişli,09:00-22:00,Medium
Bursa Kebapçisi,Dining,Turkish;Kebab,41.035548,28.980322,Beyoğlu,Mo-Su 11:20-21:20,Medium
Acar Büfe - Hocapaşa Menemencisi,Dining,Turkish;Breakfast,41.0140422,28.9754257,Fatih,09:00-22:00,Medium
Rice House,Dining,Turkish,41.0444213,29.0450087,Üsküdar,08:00-02:00,Medium
Fiore İtalyan restoran,Dining,World Cuisine,41.0373626,28.9895163,Beyoğlu,09:00-22:00,Medium
No. 1 Chinese Hotpot BBQ,Dining,Chinese,41.067742,28.9857953,Şişli,09:00-22:00,Medium
Alemdar Restaurant,Dining,World Cuisine,41.0095299,28.9785281,Fatih,Mo-Su 09:00-00:00,Medium
Yalla falafel,Dining,World Cuisine,41.0429579,29.0081662,Beşiktaş,"Mo-Su,PH 10:15-23:00",Medium
Nizam Pide Sutlaç,Dining,Turkish,41.0348401,28.9823377,Beyoğlu,09:00-22:00,Medium
Tarihi kardeşler börek ve pideci,Dining,World Cuisine,41.0172694,28.9681577,Fatih,09:00-22:00,Medium
Garden Iskender,Dining,World Cuisine,41.0552157,28.9874122,Şişli,09:00-22:00,Medium
Nurzade,Dining,World Cuisine,41.0653488,28.9955064,Şişli,09:00-22:00,Medium
Villa Emma,Dining,World Cuisine,41.0789378,29.0322987,Beşiktaş,09:00-22:00,Medium
Dark Unique taste,Dining,World Cuisine,41.0485559,28.9937779,Şişli,09:00-22:00,Medium
Comedus şarap ve bira,Dining,Deli,41.0292233,28.973092,Beyoğlu,09:00-22:00,Medium
Dar Diyafa,Dining,Moroccan,41.055637,28.7615741,Küçükçekmece,09:00-22:00,Medium
Salkim Meyhane,Dining,World Cuisine,41.0360595,28.980151,Beyoğlu,09:00-22:00,Medium
Kara Deniz Pide Salonu 1979,Dining,World Cuisine,41.0345878,28.9767072,Beyoğlu,09:00-22:00,Medium
Darelfassia,Dining,Moroccan,41.0540858,28.9797746,Şişli,09:00-22:00,Medium
Lokanta 1741,Dining,World Cuisine,41.0106686,28.9753548,Fatih,09:00-22:00,Medium
Basköse Nisantasi,Dining,World Cuisine,41.0472061,28.9936838,Beşiktaş,09:00-22:00,Medium
Rumeli Vatan Lokantasi,Dining,World Cuisine,41.009259,28.975259,Fatih,09:00-22:00,Medium
Green Garden Cafe,Dining,Turkish;International,41.0142226,28.9785884,Beyoğlu,09:00-22:00,Medium
Kayatas,Dining,World Cuisine,41.0199064,28.9623461,Fatih,09:00-22:00,Medium
Kadioglu Et Lokantasi,Dining,World Cuisine,41.0198725,28.9624651,Fatih,09:00-22:00,Medium
Nepal Everest Kitchen,Dining,World Cuisine,41.0351252,28.9829738,Beyoğlu,09:00-22:00,Medium
Köfteci Yusuf,Dining,Turkish,41.0274058,29.0317062,Üsküdar,09:00-22:00,Medium
Kuzubeyi Kuzu Çevirme Zekeriyaköy,Dining,World Cuisine,41.2165888,29.0319726,Sarıyer,09:00-22:00,Medium
Papatya Dürüm,Dining,World Cuisine,41.0679397,29.0432605,Beşiktaş,09:00-22:00,Medium
BiTas Çorba,Dining,World Cuisine,41.1061638,28.8671588,Sultangazi,09:00-22:00,Medium
Hesap Dokumu,Dining,World Cuisine,41.0046371,28.971102,Fatih,09:00-22:00,Medium
Çözüm Noktasi,History & Culture,Historical Building,41.0363872,28.9843486,Beyoğlu,09:00-22:00,Low
Duygu Aile Salonu,Dining,World Cuisine,41.0175207,28.9538633,Fatih,09:00-22:00,Medium
Uğur Büryan,Dining,World Cuisine,41.0170952,28.9554323,Fatih,09:00-22:00,Medium
Şırdancı Mehmet,Dining,World Cuisine,41.0176814,28.9542929,Fatih,09:00-22:00,Medium
Buhara Ocakbası,Dining,World Cuisine,41.0102525,28.9753308,Fatih,09:00-22:00,Medium
Ramazan Bingöl Et Sanatı,Dining,World Cuisine,41.0746229,28.8710009,Sultangazi,09:00-22:00,Medium
CZN Burak,Dining,World Cuisine,41.0754126,29.0180915,Şişli,09:00-22:00,Medium
Farika döner,Dining,World Cuisine,41.0233483,29.1296917,Ümraniye,09:00-22:00,Medium
Rainbow stairs,Other,General,41.0165894,28.9666757,Fatih,09:00-22:00,Low
Köfteci Nevzat Usta,Dining,World Cuisine,41.1033358,28.8655387,Sultangazi,09:00-22:00,Medium
Arsemia Çigköfte,Dining,World Cuisine,41.1051537,28.8635927,Sultangazi,09:00-22:00,Medium
Şöbiyet Künefe ve Katmer,Dining,World Cuisine,41.0919285,28.8653197,Sultangazi,09:00-22:00,Medium
Focaccia,Dining,World Cuisine,41.0643999,28.9931336,Şişli,09:00-22:00,Medium
Limon Cihangir Kahvaltı Evi,Dining,World Cuisine,41.0310852,28.9822393,Beyoğlu,09:00-22:00,Medium
Kaiser,Dining,World Cuisine,41.0345002,28.992217,Beyoğlu,09:00-22:00,Medium
Sariyer,Dining,World Cuisine,41.0317309,28.9889502,Beyoğlu,09:00-22:00,Medium
Asian vegan kitchen,Dining,World Cuisine,41.032877,28.9877022,Beyoğlu,09:00-22:00,Medium
By Pilavcı,Dining,Turkish,41.0959656,28.8636436,Sultangazi,09:00-22:00,Medium
Gülüm Urfa Kebap Salonu,Dining,World Cuisine,41.0976504,28.8633808,Sultangazi,09:00-22:00,Medium
Kervan Pide Lahmacun,Dining,World Cuisine,41.1023612,28.8692303,Sultangazi,09:00-22:00,Medium
Anadolu Lokantası,Dining,World Cuisine,41.0546244,28.9146722,Gaziosmanpaşa,09:00-22:00,Medium
Cumaa Bazaar,Other,General,41.0110937,28.9404273,Fatih,09:00-22:00,Low
Kudus Seka,Dining,World Cuisine,41.035338,28.9804086,Beyoğlu,09:00-22:00,Medium
Kanatçı dayım,Dining,Turkish,41.0274918,28.9798362,Beyoğlu,09:00-22:00,Medium
Emily’s Garden,Dining,World Cuisine,41.0306451,28.9853963,Beyoğlu,09:00-22:00,Medium
Ayhan Usta,Dining,World Cuisine,41.0817962,28.9744075,Kağıthane,09:00-22:00,Medium
Asrın Sarıyer Börekçisi,Dining,World Cuisine,41.0815081,28.9736437,Kağıthane,09:00-22:00,Medium
Adabella Pizza,Dining,Pizza,41.0814822,28.9736044,Kağıthane,09:00-22:00,Medium
Eren Pilav,Dining,World Cuisine,41.0812215,28.9727752,Kağıthane,09:00-22:00,Medium
Zuzu Börekçilik,Dining,World Cuisine,41.0816249,28.9739545,Kağıthane,09:00-22:00,Medium
Hivda Börek,Dining,World Cuisine,41.0816986,28.9718453,Kağıthane,09:00-22:00,Medium
Köyüm Kebap & Lahmacun Salonu,Dining,World Cuisine,41.0815887,28.9720109,Kağıthane,09:00-22:00,Medium
Şen Kardeşler Lokantası,Dining,World Cuisine,41.0811475,28.9731517,Kağıthane,09:00-22:00,Medium
Trabzon Park,Dining,World Cuisine,41.0819161,28.9734843,Kağıthane,09:00-22:00,Medium
Onur İşkembe,Dining,World Cuisine,41.0816175,28.9715957,Kağıthane,09:00-22:00,Medium
Uğrak Osman,Dining,World Cuisine,41.0819197,28.9705796,Kağıthane,09:00-22:00,Medium
Paşa Döner,Dining,World Cuisine,41.0816104,28.9732007,Kağıthane,09:00-22:00,Medium
Bahçe,Dining,World Cuisine,41.1790199,28.9916817,Sarıyer,09:00-22:00,Medium
Ceviz,Dining,World Cuisine,41.1777486,28.9905533,Sarıyer,09:00-22:00,Medium
Miss Köfte,Dining,World Cuisine,41.179176,28.9915295,Sarıyer,09:00-22:00,Medium
Çakıl,Dining,World Cuisine,41.1793433,28.991538,Sarıyer,09:00-22:00,Medium
Ekinciler Sulu Yemek Döner,Dining,World Cuisine,41.1784627,28.9917483,Sarıyer,09:00-22:00,Medium
Sabirtaşi restoran,Dining,Turkish,41.0331,28.9766166,Beyoğlu,09:00-22:00,Medium
Nizam Pide,Dining,Regional,41.0348884,28.9823125,Beyoğlu,09:00-22:00,Medium
Chef Ocakbaşi,Dining,World Cuisine,41.022271,28.9726922,Beyoğlu,09:00-22:00,Medium
Asmali durumcu,Dining,World Cuisine,41.02874,28.9737316,Beyoğlu,Mo-Su 12:00-23:30,Medium
Casita,Dining,World Cuisine,41.0486381,28.9939261,Şişli,09:00-22:00,Medium
Merdo midye kokorec,Dining,World Cuisine,41.0351031,28.9809493,Beyoğlu,09:00-22:00,Medium
Arash Cafe Restaurant,Dining,Persian,41.0377761,28.9825864,Beyoğlu,09:00-22:00,Medium
CZN Burak,Dining,Seafood,41.0340035,28.9843237,Beyoğlu,09:00-22:00,Medium
molto bene,Dining,World Cuisine,41.0272701,28.9757194,Beyoğlu,09:00-22:00,Medium
Adana Kebapçısı,Dining,World Cuisine,41.1875557,29.0492718,Sarıyer,09:00-22:00,Medium
Aisa Café Restaurant,Dining,Regional;Turkish,41.2251765,29.2231484,Beykoz,09:00-22:00,Medium
Marko Pasa,Dining,World Cuisine,41.0346932,28.9806411,Beyoğlu,09:00-22:00,Medium
Balkan Lokantasi,Dining,World Cuisine,41.0138751,28.9759627,Fatih,09:00-22:00,Medium
Karaköy Gedikli,Dining,World Cuisine,41.0236733,28.977569,Beyoğlu,09:00-22:00,Medium
La Sirene Bebek,Dining,Breakfast;Turkish,41.076534,29.0443309,Beşiktaş,Mo-Su 09:00-24:00,Medium
Şükrübey Kebap & Lahmacun,Dining,World Cuisine,41.0009921,28.8568491,Bahçelievler,09:00-22:00,Medium
Üsküp Saat Kulesi,History & Culture,Historical Building,41.0316657,28.9101915,Bayrampaşa,09:00-22:00,Low
Tarihi İstanbul Börekçisi,Dining,World Cuisine,41.0337032,28.8320064,Bağcılar,09:00-22:00,Medium
Gaziantep Kebap,Dining,World Cuisine,41.03386,28.8325107,Bağcılar,09:00-22:00,Medium
Palmiye Pide & Börek Salonu,Dining,World Cuisine,41.0335544,28.8312002,Bağcılar,09:00-22:00,Medium
al lado está dogu karadeniz pide sarayi,Dining,Mexican;Spanish,41.0444726,29.0006836,Beşiktaş,Mo-Su 12:00-22:30,Medium
جيري فتار قهوة ومطعم,Dining,World Cuisine,41.0169486,28.9662614,Fatih,09:00-22:00,Medium
Köfteci Yusuf,Dining,Turkish,41.0276757,29.2393801,Çekmeköy,Mo-Su 08:00-00:00,Medium
Maydonoz Döner,Dining,World Cuisine,41.0311517,29.2298505,Çekmeköy,11:00 - 24:00,Medium
Vegan Food Cartel,Dining,World Cuisine,41.0349694,28.9832557,Beyoğlu,09:00-22:00,Medium
Malaysta,Dining,Malaysian,41.0099777,28.9762809,Fatih,09:00-22:00,Medium
Fatih Sultan Mehmet Tabiat Orman Parkı,Nature & Park,Park,41.1469639,29.0176063,Sarıyer,09:00-22:00,Low
Bi' İşkembe,Dining,Turkish,41.0406375,28.9121036,Bayrampaşa,09:00-22:00,Medium
Payidar galata,Dining,World Cuisine,41.0268267,28.9727176,Beyoğlu,09:00-22:00,Medium
Aseka Karakoy,Dining,World Cuisine,41.0249867,28.9774646,Beyoğlu,09:00-22:00,Medium
Dürüm Yiyelim,Dining,Turkish,41.0158604,28.9727796,Fatih,Mo-Su 09:00-00:00,Medium
Ercan Et,Dining,World Cuisine,41.0820644,28.9154799,Gaziosmanpaşa,09:00-22:00,Medium
Hamursaray,Dining,World Cuisine,41.0824455,28.9142051,Gaziosmanpaşa,09:00-22:00,Medium
Kanatçı Onur,Dining,World Cuisine,41.0830328,28.9134836,Gaziosmanpaşa,09:00-22:00,Medium
Lezzet Diyarı Yöresel Ürünler,Dining,World Cuisine,41.075643,28.9323255,Gaziosmanpaşa,09:00-22:00,Medium
Cadde Lounge,Dining,World Cuisine,41.0820174,28.9178657,Gaziosmanpaşa,09:00-22:00,Medium
Öz Meydan İşkembe,Dining,World Cuisine,41.0819022,28.9164874,Gaziosmanpaşa,09:00-22:00,Medium
Arnavut Ciğeri,Dining,World Cuisine,41.0672472,28.9391866,Eyüpsultan,09:00-22:00,Medium
Fayton Büfe,Dining,World Cuisine,41.0722197,28.9392087,Eyüpsultan,09:00-22:00,Medium
Huzur Büfe Palanın Yeri,Dining,World Cuisine,41.0721661,28.9390638,Eyüpsultan,09:00-22:00,Medium
Heaven Pizza,Dining,Pizza,41.074999,28.9394856,Eyüpsultan,09:00-22:00,Medium
Pizza Lazza,Dining,World Cuisine,41.0766519,28.9378334,Eyüpsultan,09:00-22:00,Medium
Yıldız Clock Tower,Other,General,41.0498637,29.0097995,Beşiktaş,09:00-22:00,Low
Sorriso Restaurant Kuruçeşme,Dining,Turkish,41.0599153,29.0358392,Beşiktaş,09:00-22:00,Medium
Keyci Hatun Parkı,Nature & Park,Park,41.0077519,28.9428248,Fatih,09:00-22:00,Low
Aile Et Lokantası,Dining,World Cuisine,41.0224137,29.1145229,Ümraniye,09:00-22:00,Medium
Pınar 3 Kebap,Dining,World Cuisine,41.0221943,29.1153214,Ümraniye,09:00-22:00,Medium
Kedai Indonesia Turki,Dining,Indonesian,41.0352146,28.9867905,Beyoğlu,09:00-22:00,Medium
Kasabim ethane,Dining,World Cuisine,41.0303214,28.9843061,Beyoğlu,09:00-22:00,Medium
Lebap Restaurant,Dining,World Cuisine,41.0110956,28.9538178,Fatih,09:00-22:00,Medium
The Old Castle,Dining,World Cuisine,41.0043302,28.9644292,Fatih,09:00-22:00,Medium
Macboos Restaurant,Dining,Turkish,41.0583602,29.0351414,Beşiktaş,09:00-22:00,Medium
Bizim Ev,Dining,World Cuisine,41.0269907,29.24674,Sancaktepe,09:00-22:00,Medium
Seben Et Mangalbaşı,Dining,World Cuisine,41.0268561,29.2374717,Sancaktepe,09:00-22:00,Medium
Çalı Restaurant,Dining,World Cuisine,41.0241851,29.2242497,Sancaktepe,09:00-22:00,Medium
Bağlar Et Mangal,Dining,World Cuisine,41.0099226,29.2826924,Sultanbeyli,09:00-22:00,Medium
Adana Ocakbaşı,Dining,World Cuisine,41.0518418,28.9853236,Şişli,09:00-22:00,Medium
mrJADE Italy İstanbul,Dining,Italian;Pizza;Coffee_Shop,41.0424891,28.9673457,Beyoğlu,09:00-22:00,Medium
Sofyalı 9 Restoran,Dining,Türk_Mutfağı;Regional;Meyhane,41.0291163,28.9743233,Beyoğlu,Salı-Pazar 14:30-01:30,Medium
Inegöl Köfte Salonu,Dining,Turkish,41.0272615,28.9723307,Beyoğlu,09:00-22:00,Medium
De Camondo,Dining,World Cuisine,41.0238464,28.9740942,Beyoğlu,09:00-22:00,Medium
Green,Dining,World Cuisine,41.003968,28.9650023,Fatih,09:00-22:00,Medium
Kumkapı Afrodit Restaurant,Dining,World Cuisine,41.0034507,28.965298,Fatih,09:00-22:00,Medium
Rasital,Dining,World Cuisine,41.0053641,28.979866,Fatih,09:00-22:00,Medium
Şato,Dining,World Cuisine,41.005334,28.9801629,Fatih,09:00-22:00,Medium
Kumkapı Hoş,Dining,Regional,41.0042018,28.964584,Fatih,09:00-22:00,Medium
Kumkapı Saki,Dining,World Cuisine,41.0040965,28.9647084,Fatih,09:00-22:00,Medium
Erciyes Cafe & Restaurant,Dining,World Cuisine,41.0050186,28.9699987,Fatih,09:00-22:00,Medium
Buhara 93 Restaurant,Dining,World Cuisine,41.0044522,28.9751751,Fatih,09:00-22:00,Medium
Kartallar Denizki Restaurant,Dining,World Cuisine,41.0040961,28.9649071,Fatih,09:00-22:00,Medium
Kumkapı Evren Restaurant,Dining,World Cuisine,41.0040213,28.9647659,Fatih,09:00-22:00,Medium
Neyzen,Dining,World Cuisine,41.0038962,28.9648697,Fatih,09:00-22:00,Medium
Gölçek Restaurant,Dining,World Cuisine,41.0037339,28.9649691,Fatih,09:00-22:00,Medium
Kırımızı Karides Balık Restaurant,Dining,World Cuisine,41.0037218,28.965182,Fatih,09:00-22:00,Medium
Kalem Restaurant,Dining,World Cuisine,41.0061725,28.9732236,Fatih,09:00-22:00,Medium
İnci Teras Restaurant,Dining,World Cuisine,41.0046477,28.9794481,Fatih,09:00-22:00,Medium
Kumkapı Albatros,Dining,World Cuisine,41.0035781,28.9652601,Fatih,09:00-22:00,Medium
Çapari,Dining,Seafood,41.003616,28.9650526,Fatih,09:00-22:00,Medium
Akvaryum Restaurant,Dining,World Cuisine,41.0036588,28.9652195,Fatih,09:00-22:00,Medium
Kadırga Cafe & Restaurant,Dining,World Cuisine,41.0047807,28.9681854,Fatih,09:00-22:00,Medium
Apollon Restaurant,Dining,World Cuisine,41.0058831,28.9735111,Fatih,09:00-22:00,Medium
Kaki Umbrella Restaurant Terrace,Dining,World Cuisine,41.004868,28.9795928,Fatih,09:00-22:00,Medium
Mustafa Kemal Atatürk,History & Culture,Historical Building,41.0672216,29.0432167,Beşiktaş,09:00-22:00,Low
Suat Usta Tantuni,Dining,World Cuisine,41.0346669,28.9828514,Beyoğlu,09:00-22:00,Medium
Afghan Faryab restaurant,Dining,Afghan,41.0050365,28.9580069,Fatih,09:00-22:00,Medium
Kimchi Beşiktaş,Dining,Korean,41.0441809,29.0041982,Beşiktaş,09:00-22:00,Medium
Taco & Tortilla,Dining,Mexican,41.0483046,29.005628,Beşiktaş,09:00-22:00,Medium
Balkan Lokantası,Dining,Turkish,41.0436308,29.0062734,Beşiktaş,09:00-22:00,Medium
Cihangir Mantıcısı,Dining,World Cuisine,41.031726,28.9821621,Beyoğlu,09:00-22:00,Medium
Lale Sultan,Dining,Turkish,41.0044497,28.9713533,Fatih,09:00-22:00,Medium
Urfalı 63 Kasım Usta,Dining,World Cuisine,41.0243329,29.0161759,Üsküdar,09:00-22:00,Medium
Ali Usta,Dining,World Cuisine,41.0242115,29.0164587,Üsküdar,09:00-22:00,Medium
Dönerci Celal Usta - Ümraniye (Atakent) Şubesi,Dining,Turkish,41.0146948,29.1036405,Ümraniye,09:00-22:00,Medium
Nasip-Et kebap,Dining,Kebab;Regional;Steak_House;Turkish,41.0049058,28.9675063,Fatih,09:00-22:00,High
SushiCo,Dining,Sushi;Asian,41.0494063,28.991262,Şişli,09:00-22:00,High
Avliya Boşnak Mutfağı 2,Dining,World Cuisine,41.0604458,28.8999424,Bayrampaşa,09:00-22:00,Medium
Istanbul balik,Dining,Fish,41.0212005,28.9742351,Beyoğlu,09:00-22:00,Medium
Dürümcü Sedat Usta,Dining,World Cuisine,41.1021084,28.898057,Sultangazi,09:00-22:00,Medium
Venge,Dining,World Cuisine,41.085775,29.011314,Şişli,Mo-Su 12:00-00:00,Medium
Vodina Caddesi,Other,General,41.0303242,28.9500978,Fatih,09:00-22:00,Low
Kiremit Caddesi,Other,General,41.0295336,28.9476369,Fatih,09:00-22:00,Low
Merdıvenli Yokuş,Other,General,41.0312533,28.9462049,Eyüpsultan,09:00-22:00,Low
Ulus Parki,Other,General,41.064028,29.0320536,Beşiktaş,09:00-22:00,Low
Yıldız Parkı,Other,General,41.0468738,29.0174847,Beşiktaş,Mo-Su 08:00-22:00,Low
Kuzguncuk,Other,General,41.0338266,29.0314079,Üsküdar,09:00-22:00,Low
Kuzguncuk Bostani,Other,General,41.0346796,29.0316292,Üsküdar,09:00-22:00,Low
Zoya’s House,Dining,World Cuisine,41.0496135,28.9924271,Şişli,Mo-Su 10:00-23:00,Medium
Minoa Village,Dining,World Cuisine,41.0879536,29.0317551,Şişli,09:00-22:00,Medium
Otağtepe Fatıh Korusu,Other,General,41.089864,29.0696067,Beykoz,Su-Sa 08:00-17:00,Low
Hünkar Köşk Restaurant,Dining,Turkish,41.0744599,29.0611741,Ümraniye,09:00-22:00,Medium
Kartepe Restoran,Dining,Turkish,41.0720357,29.0645478,Ümraniye,09:00-22:00,Medium
Kandilli Parkı,Nature & Park,Park,41.0743684,29.0587522,Üsküdar,09:00-22:00,Low
Sultan 1.Mahmut Çeşmesi,History & Culture,Historical Building,41.0738466,29.0585462,Ümraniye,09:00-22:00,Low
Kandilli Boğaziçi Parkı,Nature & Park,Park,41.0733748,29.059018,Ümraniye,09:00-22:00,Low
Kandilli Köfte Dürüm,Dining,World Cuisine,41.0738736,29.0582396,Ümraniye,09:00-22:00,Medium
İoki Asia,Dining,World Cuisine,41.0738476,29.0577381,Ümraniye,09:00-22:00,Medium
Hababam Sınıfı Müzesi,History & Culture,Museum,41.0136158,29.0419533,Kadıköy,09:00-22:00,Medium
Koru Restoran,Dining,Turkish,41.0720422,29.0626684,Ümraniye,09:00-22:00,Medium
Maderia sushi bar,Dining,World Cuisine,41.0519372,28.9889372,Şişli,09:00-22:00,Medium
Pokemate,Dining,World Cuisine,41.051215,28.9967341,Şişli,09:00-22:00,Medium
Saray Muhallebicisi - Kandilli,Dining,World Cuisine,41.0690379,29.0574697,Ümraniye,09:00-22:00,Medium
Vaniköy Parkı,Nature & Park,Park,41.0682874,29.0572697,Ümraniye,09:00-22:00,Low
Iskender 1867,Dining,World Cuisine,41.0521745,28.9929712,Şişli,09:00-22:00,Medium
Nayla Tantuni,Dining,World Cuisine,41.0744382,29.0695877,Ümraniye,09:00-22:00,Medium
Nayla Dürüm Kokoreç,Dining,World Cuisine,41.0744103,29.0699865,Ümraniye,09:00-22:00,Medium
Turkish Pizza,Dining,Pizza,41.0735064,29.070175,Ümraniye,09:00-22:00,Medium
Küçük Ev,Dining,Turkish,41.2050644,29.0732709,Sarıyer,Mo-Sa 08:00-21:00,Medium
Bahar Pide Döner Salonu,Dining,Turkish,41.0639883,28.9937875,Şişli,09:00-22:00,Medium
Altın Maden Pasta & Börek,Dining,World Cuisine,41.0637209,28.9937107,Şişli,09:00-22:00,Medium
Börekist,Dining,World Cuisine,41.063797,28.9936584,Şişli,09:00-22:00,Medium
Mercan Kebap,Dining,World Cuisine,41.0636634,28.9937749,Şişli,09:00-22:00,Medium
Pier Cafe Restaurant,Dining,World Cuisine,41.0300343,28.9513073,Fatih,09:00-22:00,Medium
Olive Garden,Dining,Italian,41.0046052,28.9711564,Fatih,09:00-22:00,Medium
Ayasofya Kebap House,Dining,World Cuisine,41.0081799,28.9772508,Fatih,09:00-22:00,Medium
Akbiyik Kebab House,Dining,World Cuisine,41.0036516,28.9792413,Fatih,09:00-22:00,Medium
Istanbul Anatolian cuisine,Dining,World Cuisine,41.0034011,28.9723208,Fatih,09:00-22:00,Medium
Bin Lezzet,Dining,World Cuisine,41.1968138,28.8224858,Arnavutköy,09:00-22:00,Medium
Bodeum manti cafe,Dining,World Cuisine,41.0523934,28.9927222,Şişli,09:00-22:00,Medium
Tur Park Kafe Restaurant,Dining,World Cuisine,41.2254591,28.8315019,Arnavutköy,09:00-22:00,Medium
Hayata Sarıl Lokantası,Dining,World Cuisine,41.0364348,28.9825931,Beyoğlu,09:00-22:00,Medium
Zeytuna Cezayir'de,Dining,World Cuisine,41.0318135,28.9794648,Beyoğlu,Tu-Th 17:00-00:00; Fr-Su 14:00-00:00,Medium
Cabra Loca Coffee,Dining,Cake;Coffee_Shop;Sandwich;Tea,41.0149875,28.9737158,Fatih,Mo-Su 08:00-20:30,Medium
#saltbae,Dining,World Cuisine,41.0275945,28.9861635,Beyoğlu,09:00-22:00,Medium
AIKA ANAOKULU ACARKENT,Nature & Park,Park,41.1091398,29.1349843,Beykoz,09:00-22:00,Low
Asmalı Cavit,Dining,World Cuisine,41.0301658,28.9747057,Beyoğlu,09:00-22:00,Medium
Seçkin Börek,Dining,World Cuisine,41.0670527,28.9969397,Şişli,09:00-22:00,Medium
Cantinery,Dining,Turkish;Italian;French,41.0662128,29.0169299,Beşiktaş,Mo-Su 10:00-22:00,Medium
Juno,Dining,World Cuisine,41.0497253,28.9909152,Şişli,09:00-22:00,Medium
Bakioğlu Köfte ve Çorba,Dining,World Cuisine,41.0151606,28.896386,Zeytinburnu,09:00-22:00,Medium
Alaf 2 Tek,Dining,World Cuisine,41.0603571,29.036665,Beşiktaş,"Su,Tu-Sa 18:00-00:00",Medium
Silivrikapı Hypogeum,Other,General,41.0066029,28.9219004,Zeytinburnu,09:00-22:00,Low
Dönerci Serkan Usta,Dining,World Cuisine,41.0797742,29.0325604,Beşiktaş,Su-Sa 11:00-05:00,Medium
Mevlana,Dining,Turkish,41.0073837,28.9721872,Fatih,09:00-22:00,Medium
Zeynel Gülkardeşler Kebap Salonu,Dining,World Cuisine,41.0252471,29.0136247,Üsküdar,09:00-22:00,Medium
Vegan Dukkan Lokanta,Dining,Regional,41.0326448,28.9840482,Beyoğlu,Mo-Su 10:00-21:00,Medium
OLD BALAT cafe & kitchen,Dining,Turkish,41.0309317,28.9493248,Fatih,09:00-22:00,Medium
Leta Sandalye Hotel Cafe Restaurant,Dining,World Cuisine,41.0851354,29.008413,Şişli,09:00-22:00,Medium
Kokoretti Kokoreç,Dining,World Cuisine,41.0866391,29.0075448,Şişli,09:00-22:00,Medium
Balat Pide Lahmacun,Dining,Turkish,41.0326308,28.9459801,Eyüpsultan,09:00-22:00,Medium
Şah Anıtı,History & Culture,Historical Building,41.1050457,28.850758,Sultangazi,09:00-22:00,Low
Real Köftecim & Büfe,Dining,World Cuisine,41.0112382,28.7728427,Küçükçekmece,09:00-22:00,Medium
Roka Cafe Kahvaltı,Dining,Local;Turkish,41.0309151,28.9789355,Beyoğlu,09:00-22:00,Medium
Eagle chinese gastro & sushi,Dining,Asian,41.0608898,28.9834774,Şişli,09:00-22:00,Medium
Isola,Dining,Italian,41.0574528,28.9819574,Şişli,Mo-Su 12:00-02:10,Medium
Çam Sut Mangal,Dining,Korean,41.0734186,29.0169103,Şişli,Mo-Sa 12:00-22:00,Medium
Taâvün Çeşmesi,Other,General,41.0511855,28.9224391,Gaziosmanpaşa,09:00-22:00,Low
Bey Kapısı Cafe & Restaurant (Shisha Lounge),Dining,World Cuisine,41.0179947,28.9653435,Fatih,09:00-22:00,Medium
Trabzon Kültür Derneği,Dining,World Cuisine,41.0358948,29.0451841,Üsküdar,09:00-22:00,Medium
Ağa Türk Mutfağı,Dining,World Cuisine,41.0212677,29.0172064,Üsküdar,09:00-22:00,Medium
Gazi Çiğköfte,Dining,World Cuisine,41.0371716,28.8198567,Bağcılar,09:00-22:00,Medium
Cadde Kanat,Dining,World Cuisine,41.0368755,28.8198371,Bağcılar,09:00-22:00,Medium
The Salaş,Dining,World Cuisine,41.0067771,29.0964496,Ataşehir,"Su,Tu-Sa 12:00-23:00",Medium
Galapera,Dining,Fish,41.021221,28.9742,Beyoğlu,24/7,Medium
Fülâne,Dining,World Cuisine,41.0139739,28.9777514,Fatih,09:00-22:00,Medium
Galapera Restaurant,Dining,Beef_Bowl;Chicken;Fine_Dining;Fish;Fish_And_Chips;Grill;Mediterranean,41.0211214,28.9741775,Beyoğlu,Mo-Su 09:00-02:00,Medium
Yeşiltepe Garden,Dining,World Cuisine,41.0450921,29.1282086,Ümraniye,09:00-22:00,Medium
Yerebatan Sarnıcı,Other,General,41.0084795,28.9783826,Fatih,Mo-Su 09:00-19:00,Low
Secret garden,Dining,World Cuisine,41.1303254,29.0558627,Sarıyer,09:00-22:00,Medium
By Boss Lounge,Dining,World Cuisine,41.026812,28.9728764,Beyoğlu,09:00-22:00,Medium
Vegan Masa,Dining,Turkish,41.0449946,29.002589,Beşiktaş,Mo-Su 10:30-22:30,Medium
Octo,Dining,Fish;Mediterranean;Turkish,41.0241227,28.9791875,Beyoğlu,"Mo-Su 06:30-11:00, 12:00-23:00",Medium
Şirin Büfe,Dining,World Cuisine,41.0177568,28.8137033,Bağcılar,09:00-22:00,Medium
Hadika Kahvaltı Evi,Dining,Breakfast;Turkish,41.055822,28.9898775,Şişli,Mo-Su 08:30-17:00,Medium
Nano Dürüm,Dining,Turkish,41.0491283,28.9088866,Bayrampaşa,Mo-Sa 11:30-22:00,Medium
Beyoglu Halk Doner,Dining,World Cuisine,41.0358607,28.9829807,Beyoğlu,09:00-22:00,Medium
Ikon Happy Moons,Dining,International,41.026711,28.985008,Beyoğlu,09:00-22:00,Medium
Batard,Dining,World Cuisine,41.0563835,28.9811664,Şişli,09:00-22:00,Medium
the ordinary,Dining,Italian,41.0582236,28.9779625,Şişli,09:00-22:00,Medium
Saku,Dining,Japanese,41.058351,28.9773329,Şişli,09:00-22:00,High
Turk Fatik Tutak,Dining,World Cuisine,41.0582728,28.9776458,Şişli,09:00-22:00,Medium
Sur Balık Restoran Cihangir,Dining,World Cuisine,41.0304451,28.9834148,Beyoğlu,09:00-22:00,Medium
Galata Sanat Restaurant,Dining,World Cuisine,41.0395991,28.9855312,Beyoğlu,09:00-22:00,Medium
"DİYARZADE KÜNEFE, KATMER, BAKLAVA, VE TATLI",Dining,Turkish,41.0108802,28.8714186,GÜNGÖREN,12:00-01:00,Medium
ADAB Eski Usûl Meyhane,Dining,Turkish,41.1104122,29.0405969,Sarıyer,09:00-22:00,Medium
Köfteci Yusuf,Dining,Turkish,41.0381264,28.9834623,Beyoğlu,09:00-22:00,Medium
Münhasir Döner & Kebap,Dining,World Cuisine,41.0342044,28.9788126,Beyoğlu,09:00-22:00,Medium
İntiba Döner,Dining,World Cuisine,41.0028249,29.0434584,Kadıköy,09:00-22:00,Medium
Tike Restoran,Dining,Turkish,41.0868123,29.0318827,Beşiktaş,Su-Sa 10:00-23:00,Medium
BigChefs,Dining,Pizza;Burger;Salad,41.0015882,29.1409894,Ataşehir,09:00-22:00,Medium
Taksim Bahçivan,Dining,Turkish,41.0338423,28.979088,Beyoğlu,Su-Sa 10:00-01:00,Medium
Koali,Dining,Indonesian,41.0264507,28.9783222,Beyoğlu,09:00-22:00,Medium
Wall paintings,Other,General,41.0249685,28.9714505,Beyoğlu,09:00-22:00,Low
Peninsula,Dining,World Cuisine,41.023832,28.9701186,Beyoğlu,09:00-22:00,Medium
OSES çiğ köfte,Dining,Turkish,41.1864814,29.0401663,Sarıyer,09:00-22:00,Medium
Galatasaray Meydani,Other,General,41.0332693,28.9771198,Beyoğlu,09:00-22:00,Low
Çengelköy Börekçisi,Dining,World Cuisine,41.0248278,29.0360409,Üsküdar,09:00-22:00,Medium
Han Atlas Üzbek Restaurant,Dining,World Cuisine,41.0057893,28.9620707,Fatih,09:00-22:00,Medium
GALAKTION,Dining,World Cuisine,41.0298208,28.9738985,Beyoğlu,09:00-22:00,Medium
Begonville Cafe Restaurant,Dining,World Cuisine,41.0041082,28.9694217,Fatih,09:00-22:00,Medium
Mivan Restaurant Cafe,Dining,World Cuisine,41.0061576,28.9689987,Fatih,09:00-22:00,Medium
Kumkapi Tiryaki,Dining,World Cuisine,41.0046526,28.9651399,Fatih,09:00-22:00,Medium
Blue bottle Istanbul,Dining,World Cuisine,41.0048975,28.9699223,Fatih,09:00-22:00,Medium
Turkish Cuisine (кебабы),Dining,World Cuisine,41.0047697,28.9708849,Fatih,09:00-22:00,Medium
Cumhuriyet Parkı,Nature & Park,Park,41.116412,29.0006444,Kağıthane,09:00-22:00,Low
Köfteci Yusuf,Dining,Turkish,41.2359639,28.9078478,Sultangazi,09:00-22:00,Medium
Yemekçi 7/24,Dining,World Cuisine,41.2366321,28.9067048,Sultangazi,09:00-22:00,Medium
Saray 1 Pide Lahmacun,Dining,Turkish,41.0827213,28.8823415,Gaziosmanpaşa,09:00-22:00,Medium
Sevgi Pilavcısı,Dining,World Cuisine,41.0691044,28.8855374,Bayrampaşa,09:00-22:00,Medium
Şehrazat Kebap,Dining,World Cuisine,41.0575776,28.9941141,Şişli,09:00-22:00,Medium
RICCO,Dining,World Cuisine,41.0511476,28.9956505,Şişli,09:00-22:00,Medium
MEHMET NAMLI KEBAP & DÜRÜM & LAHMACUN,Dining,World Cuisine,41.0588801,29.0045788,Beşiktaş,09:00-22:00,Medium
Hasanpaşa Konağı Restaurant,Dining,Turkish,41.0092569,28.9612733,Fatih,09:00-22:00,Medium
1923,History & Culture,Historical Building,41.0258266,29.0094982,Üsküdar,09:00-22:00,Low
Fetih Iskembe,Dining,World Cuisine,41.0335118,28.9465383,Eyüpsultan,09:00-22:00,Medium
Tehroon Restaurant,Dining,World Cuisine,41.1133973,29.0221732,Kağıthane,09:00-22:00,Medium
SAFİR IRANIAN RESTAURANT,Dining,World Cuisine,41.0626757,28.9874793,Şişli,09:00-22:00,Medium
Palm fast food,Dining,World Cuisine,41.0631033,28.9945483,Şişli,09:00-22:00,Medium
Ali Food Shop,Dining,World Cuisine,41.0419536,28.9830225,Beyoğlu,09:00-22:00,Medium
Huqqa,Dining,World Cuisine,41.0041772,29.0708981,Üsküdar,09:00-22:00,Medium
Sahra Hotpot,Dining,Chinese,41.0888482,29.0568847,Beykoz,09:00-22:00,Medium
Ay bike sokagi,Other,General,41.0903351,29.003977,Kağıthane,09:00-22:00,Low
Garden mezze,Dining,World Cuisine,41.0145207,28.9773389,Fatih,Mo-Su 11:00-00:30,Medium
The Himalayan restaurant,Dining,Indian,41.0364215,28.9770421,Beyoğlu,09:00-22:00,Medium
Cozy Garden Restaurant Cafe,Dining,World Cuisine,41.0138608,28.9771448,Beyoğlu,09:00-22:00,Medium
Vandal,Dining,World Cuisine,41.0268668,28.9854243,Beyoğlu,09:00-22:00,Medium
Kiva,Dining,World Cuisine,41.0267647,28.9851018,Beyoğlu,09:00-22:00,Medium
Big Chefs,Dining,World Cuisine,41.0266171,28.9848161,Beyoğlu,09:00-22:00,Medium
Cookshop,Dining,Turkish,41.0262998,28.9841407,Beyoğlu,09:00-22:00,Medium
Bankalar Karadeniz Pideleri & Menemen (Great local food),Dining,Turkish,41.0237659,28.9721757,Beyoğlu,Mo-Sa 06:00-22:00,Medium
Kirvem Kanat Evi,Dining,World Cuisine,41.0132252,28.8425824,Bahçelievler,09:00-22:00,Medium
Cooker,Dining,World Cuisine,41.0695683,28.826657,Bağcılar,09:00-22:00,Medium
ikonium Etiler Etli Ekmek,Dining,World Cuisine,41.0753878,29.0194718,Şişli,09:00-22:00,Medium
Filiboz Cafe Restaurant,Dining,World Cuisine,41.1845249,28.736492,Arnavutköy,09:00-22:00,Medium
Crousty Co,Dining,World Cuisine,41.2616043,28.7390346,Arnavutköy,09:00-22:00,Medium
Sakhalin İstanbul,Dining,Seafood;Sushi;Steak_House,41.0665394,29.0182511,Beşiktaş,Mo-Su 12:00-23:45,High
Döner Vadisi & Çorba,Dining,Turkish,41.1148617,28.9987695,Sarıyer,09:00-22:00,Medium
Semsür Çiğköfte,Dining,Turkish;Middle_Eastern;Anatolian,41.0242983,29.0123122,Üsküdar,09:00-22:00,Medium
İBB Bağcılar Kent Lokantası,Dining,Turkish,41.0373427,28.8590511,Esenler,Mo-Fr 08:00-20:00; Sa 12:00-17:00,Medium
İBB Çapa Kent Lokantası,Dining,Turkish,41.0144324,28.934424,Fatih,Mo-Fr 08:00-20:00; Sa 12:00-17:00,Medium
İBB Hisarüstü Kent Lokantası,Dining,Turkish,41.085509,29.0471957,Beşiktaş,Mo-Fr 08:00-20:00; Sa 12:00-17:00,Medium
İBB Sultanahmet Kent Lokantası,Dining,Turkish,41.0095986,28.9775309,Fatih,Mo-Fr 08:00-20:00; Sa 12:00-17:00,Medium
İBB Ümraniye Kent Lokantası,Dining,Turkish,41.0061419,29.1646148,Çekmeköy,Mo-Fr 08:00-20:00; Sa 12:00-17:00,Medium
İBB Üsküdar Kent Lokantası,Dining,Turkish,41.0234131,29.0170969,Üsküdar,Mo-Fr 08:00-20:00; Sa 12:00-17:00,Medium
doruk rooftop,Dining,World Cuisine,41.0065512,28.9703472,Fatih,Mo-Su 12:00-23:00,Medium
Paşa Köşkü Et Lokantası,Dining,Steak_House,41.086033,28.9058896,Sultangazi,09:00-22:00,High
Mylos Ayvalık Cunda Mutfağı,Dining,Seafood,41.0054134,29.0463288,Kadıköy,09:00-22:00,Medium
Şehit Öğretmen Ekrem YıldızParkı,Nature & Park,Park,41.1487784,28.8524324,Sultangazi,09:00-22:00,Low
Lahpimadecun,Dining,Turkish;Lahmacun,41.0483547,28.9211709,Gaziosmanpaşa,09:00-22:00,Medium
Köfteci Yusuf,Dining,Turkish,41.0965171,29.0057215,Kağıthane,Mo-Su 08:00-23:00,Medium
Hazzopulo Pasajı,Other,General,41.0333902,28.9760307,Beyoğlu,09:00-22:00,Low
Onion Cafè,Dining,World Cuisine,41.023817,29.0148655,Üsküdar,09:00-22:00,Medium
Malatya Pide & Lahmacun Salonu,Dining,Turkish,41.090249,28.8108842,Başakşehir,09:00-22:00,Medium
Kevok Ocakbaş,Dining,World Cuisine,41.0336687,28.9756382,Beyoğlu,Mo-Su 11:00-02:00,Medium
Sohum Kalesi Kitâbesi,History & Culture,Historical Building,41.0123834,28.9840355,Beyoğlu,09:00-22:00,Low
Ceneviz Balik,Dining,Fish;Turkish,41.1736104,29.0887637,Sarıyer,09:00-22:00,Medium
IBB Çubuklu Silolar,Other,General,41.1088724,29.0828543,Beykoz,09:00-22:00,Low
Tarabya Mangalbaşı,Dining,World Cuisine,41.1449486,29.030558,Sarıyer,09:00-22:00,Medium
Baklava Hanem,Dining,Turkish,41.0538868,28.9822435,şişli,09:00-22:00,Medium
the site,Nature & Park,Park,41.031809,28.974347,Beyoğlu,09:00-22:00,Low
Has Titiz Kebap,Dining,Kebab,41.0204602,29.1227958,Ümraniye,09:00-22:00,Medium
Beylerberi Tike,Dining,World Cuisine,41.0443368,29.0442904,Üsküdar,09:00-22:00,Medium
Kaftan Stairs,Other,General,41.0299884,29.0187966,Üsküdar,09:00-22:00,Low
Sirkeci Lokantası 1912,Dining,Breakfast;Coffee_Shop;French;Pasta;Turkish,41.015399,28.9725332,Fatih,Mo-Su 08:00-23:00,Medium
Mesopotamian Breakfast Brunch Cafe,Dining,Breakfast,41.0062903,28.9806384,Fatih,Mo-Su 08:00-21:00,Medium
Tarihi Pasahan Konagi,Dining,World Cuisine,41.0168384,28.9544286,Fatih,09:00-22:00,Medium
ying,Dining,Chinese,41.0674008,28.9964663,Şişli,09:00-22:00,Medium
Köfteci Yusuf,Dining,Turkish,41.0105428,29.0106398,Üsküdar,09:00-22:00,Medium
Çavuş,Dining,World Cuisine,41.184461,28.7415397,Arnavutköy,09:00-22:00,Medium
Hafizoğlu,Dining,World Cuisine,41.1843877,28.7416228,Arnavutköy,09:00-22:00,Medium
Yakamoz Balık,Dining,Seafood;Turkish,41.0222007,28.9717128,Beyoğlu,09:00-22:00,Medium
Balat Patika Cafe Kahvati,Dining,World Cuisine,41.0294793,28.9508227,Fatih,09:00-22:00,Medium
Prava Pita,Dining,World Cuisine,41.0707219,28.9062253,Gaziosmanpaşa,09:00-22:00,Medium
Et Dünyası,Dining,Steak_House,41.0213307,29.0164078,Üsküdar,Mo-Sa 08:00-00:00; Su 09:00-00:00,High
Premium Dem Hotel,Dining,World Cuisine,41.1976183,28.728564,Arnavutköy,24/7,Medium
Hatice Anne Ev Yemekleri,Dining,Turkish,41.0364527,29.0297267,Üsküdar,09:00-22:00,Medium
The First Ottoman Lounge,Dining,Turkish,41.0044679,28.9644377,Fatih,09:00-22:00,Medium
As You Sea Seafood & Kepab,Dining,Seafood;Turkish,41.0040114,28.9789747,Fatih,09:00-22:00,Medium
Doyuran Ev Yemekleri,Dining,Breakfast;Turkish,41.004111,28.9644346,Fatih,09:00-22:00,Medium
Ulusoy Cafe & Pastane,Dining,World Cuisine,41.0040314,28.9644273,Fatih,09:00-22:00,Medium
Dut Meze,Dining,Steak_House,41.0556993,28.9976723,Şişli,09:00-22:00,High
Californian Usa Burger,Dining,Burger,41.0573262,28.9941147,Şişli,09:00-22:00,Medium
Rumeli Han туннель,Other,General,41.0350636,28.9808937,Beyoğlu,09:00-22:00,Low
Chez Boré Restaurant Café,Dining,World Cuisine,41.0313233,28.9791838,Beyoğlu,09:00-22:00,Medium
Endam,Dining,World Cuisine,41.028747,28.9763271,Beyoğlu,09:00-22:00,Medium
"Cook me, eat me",Dining,World Cuisine,41.0288124,28.9764066,Beyoğlu,09:00-22:00,Medium
Restohan,Dining,Mediterranean;Turkish,41.0134446,28.978543,Beyoğlu,Mo-Su 08:00-20:00,Medium
Su Havuzu,History & Culture,Historical Building,41.0918277,28.9044202,Sultangazi,09:00-22:00,Low
Morrocan Chef Restaurant,Dining,Moroccan,41.0296067,28.9519325,Fatih,09:00-22:00,Medium
Tarihi Fener işkembecisi,Dining,Turkish,41.0296681,28.9518618,Fatih,09:00-22:00,Medium
Balkon Cafe,Dining,Breakfast;Coffee_Shop;Tea;Turkish,41.043647,29.0029112,Beşiktaş,09:00-22:00,Medium
Atom Pilav,Dining,World Cuisine,41.0287998,28.8288343,Bağcılar,09:00-22:00,Medium
Aliya İzzetbegoviç Parkı,Nature & Park,Park,41.0332365,28.8237089,Bağcılar,09:00-22:00,Low
Saafi Döner,Dining,Turkish,41.0323263,28.8341117,Bağcılar,09:00-22:00,Medium
Vegan Community Kitchen,Dining,World Cuisine,41.0278755,28.9763398,Beyoğlu,09:00-22:00,Medium
Gelisli Balik Restaurant,Dining,Fish,41.1754586,29.072226,Sarıyer,09:00-22:00,Medium
Zemin Cafe,Dining,World Cuisine,41.0866992,29.0448329,Beşiktaş,09:00-22:00,Medium
Saloon Burger,Dining,World Cuisine,41.0252776,29.0908167,Ümraniye,09:00-22:00,Medium
Hacı Kerimoğulları,Dining,World Cuisine,41.0247686,29.0863356,Ümraniye,09:00-22:00,Medium
Murat Büfe,Dining,World Cuisine,41.025276,29.090716,Ümraniye,09:00-22:00,Medium
Hazal Börek,Dining,World Cuisine,41.0252776,29.0906777,Ümraniye,09:00-22:00,Medium
Levent Börek,Dining,World Cuisine,41.0244094,29.0846503,Ümraniye,09:00-22:00,Medium
Simit Sarayı,Dining,World Cuisine,41.0245039,29.0855492,Ümraniye,09:00-22:00,Medium
Aşikar Lokantası,Dining,World Cuisine,41.0247306,29.0859455,Ümraniye,09:00-22:00,Medium
Dağlayan,Dining,World Cuisine,41.0247476,29.0861016,Ümraniye,09:00-22:00,Medium
Hacıoğlu,Dining,World Cuisine,41.025189,29.0898591,Ümraniye,09:00-22:00,Medium
Pehlivan,Dining,World Cuisine,41.0245763,29.0863627,Ümraniye,09:00-22:00,Medium
Bambi Cafe,Dining,World Cuisine,41.0245886,29.086405,Ümraniye,09:00-22:00,Medium
Köfteci Mustafa,Dining,World Cuisine,41.0261143,29.0925279,Ümraniye,09:00-22:00,Medium
Dönerci Semih Ersoy,Dining,World Cuisine,41.0238432,29.0928519,Ümraniye,09:00-22:00,Medium
Hot Döner,Dining,World Cuisine,41.0236425,29.092246,Ümraniye,09:00-22:00,Medium
Gülümoğlu Lahmacun,Dining,Turkish;Lahmacun,41.0491847,28.9213544,Gaziosmanpaşa,09:00-22:00,Medium
Lider Döner,Dining,World Cuisine,41.0254657,29.0921078,Ümraniye,09:00-22:00,Medium
Kovan,Dining,World Cuisine,41.0251976,29.0923422,Ümraniye,09:00-22:00,Medium
Pideban Sariyer,Dining,Turkish,41.1690566,29.0566183,Sarıyer,Mo-Su 08:00-22:30,Medium
Oses Çiğ Köfte,Dining,World Cuisine,41.0246133,29.0895673,Ümraniye,09:00-22:00,Medium
Huzur Lokantısı,Dining,World Cuisine,41.0252697,29.0931721,Ümraniye,09:00-22:00,Medium
Kokobey Kokoreç,Dining,Turkish,41.0249358,29.0863634,Ümraniye,09:00-22:00,Medium
Kokoreççi Uğur,Dining,Turkish,41.0251808,29.0863238,Ümraniye,09:00-22:00,Medium
Saray Muhallebicisi,Dining,World Cuisine,41.0495081,28.9934664,Şişli,09:00-22:00,Medium
Gala Life,Dining,World Cuisine,41.0215367,28.9739975,Beyoğlu,09:00-22:00,Medium
Ayvat Bendi Tabiat Parkı,Other,General,41.1969538,28.9198767,Sultangazi,09:00-22:00,Low
Emek saray,Dining,World Cuisine,41.0115997,28.9582854,Fatih,09:00-22:00,Medium
Medeniyet Kasap & Izgara,Dining,Steak_House,41.080387,28.9381164,Gaziosmanpaşa,09:00-22:00,High
Abdi Bey Lokantası,Dining,Turkish,41.0241659,28.9726317,Karaköy,09:00-22:00,Medium
Perri Karaköy,Dining,Turkish,41.0241818,28.9725865,Karaköy,09:00-22:00,Medium
Tuğbiş Mantı,Dining,World Cuisine,41.0067651,29.0467721,Üsküdar,09:00-22:00,Medium
Bay Mantı,Dining,Coffee_Shop,41.0339924,29.0312081,Üsküdar,Mo-Su 10:00-21:00,Medium
Kuzguncuk Burger Cafe,Dining,Burger,41.0350593,29.0303634,Üsküdar,Mo-Su 12:00-23:00,Medium
Geççi Maslak,Dining,Hot_Dog;Oriental;Burger;Regional;Mediterranean;Kebab,41.1130269,29.0173374,Sarıyer,Mo-Fr 11:00-19:00,Medium
ISTIKAL KEBAP & RESTURANT,Dining,Turkish,41.0353598,28.9811555,Beyoğlu,09:00-22:00,Medium
Şişko perihan,Dining,World Cuisine,41.0677184,29.0435323,Beşiktaş,09:00-22:00,Medium
Old Hipodrom,Dining,Turkish;International,41.0034977,28.9736777,Fatih,09:00-22:00,Medium
Manakin Restoran,Dining,Pizza;Burger;Coffee_Shop;Chicken;International;Turkish;Grill;Diner;Wings,41.03612,29.2613887,Çekmeköy,Mo-Su 16:00-02:00,Medium
Beşiktaş Çıtır,Dining,Pizza;Turkish,41.0446607,29.0035045,Beşiktaş,09:00-22:00,Medium
Kofte restaurant,Dining,Kebab,41.0118747,28.9412556,Fatih,09:00-22:00,Medium
Zade Cafe,Dining,Turkish,41.0343837,28.9831958,Beyoğlu,09:00-22:00,Medium
15 Temmuz'da Tankın Altında Kalan Araç,History & Culture,Historical Building,41.0463297,28.9329086,Eyüpsultan,09:00-22:00,Low
Gençlik Parkı,Nature & Park,Park,41.0345455,28.8533694,Esenler,09:00-22:00,Low
Mavi Marmara Anıtı,History & Culture,Historical Building,41.0954254,28.8785158,Sultangazi,09:00-22:00,Low
Olden 1772,Dining,Turkish,41.0149277,28.9741036,Fatih,09:00-22:00,Medium
Çocuk Parkı,Nature & Park,Park,41.0477347,29.2346981,Sancaktepe,09:00-22:00,Low
Çocuk Parkı,Nature & Park,Park,41.0512551,29.2461456,Sancaktepe,09:00-22:00,Low
Çekmeköy Belediyesi Reşadiye Mesire Alanı,Nature & Park,Park,41.0655818,29.2391712,Sancaktepe,Mo-Su 09:00-20:00,Low
Kirazlıbent Tabiat Parkı,Nature & Park,Park,41.1712043,28.9576973,Kağıthane,09:00-22:00,Low
Nefes Orman,Nature & Park,Park,41.0434993,29.2871058,Sancaktepe,Mo-Su 10:00-19:00,Low
Ziyafet kuzu çevirme İstanbul,Dining,Turkish,41.0136914,28.9770445,Fatih,Mo-Su 10:00-23:00,Medium
İBB Çubuklu Silolar Kütüphanesi,Other,General,41.1082453,29.0835867,Beykoz,Mo-Su 10:00-22:00,Low
İBB Bulgur Palas Kütüphanesi,Other,General,41.0069951,28.9440457,Fatih,09:00-22:00,Low
Rami Kütüphanesi Kasr-ı Hümayun Çeşmeleri,Other,General,41.0484792,28.9165314,Gaziosmanpaşa,09:00-22:00,Low
Rami Kütüphanesi Kasr-ı Hümayun Çeşmeleri,Other,General,41.0485769,28.9166391,Gaziosmanpaşa,09:00-22:00,Low
Green Hill,Dining,World Cuisine,41.007067,28.9733156,Fatih,09:00-22:00,Medium
Şaka Da Pera,Dining,World Cuisine,41.0320103,28.9760485,Beyoğlu,09:00-22:00,Medium
Beykizi Kave Ve Restoran,Dining,World Cuisine,41.0314464,28.9758201,Beyoğlu,09:00-22:00,Medium
Lucy Pera,Dining,World Cuisine,41.031258,28.9757662,Beyoğlu,09:00-22:00,Medium
Kırmızı Kedi,Dining,World Cuisine,41.0277635,28.973591,Beyoğlu,09:00-22:00,Medium
Sultanıa Restaurant,Dining,World Cuisine,41.0125948,28.9776233,Fatih,09:00-22:00,Medium
Rose Amida Restaurant,Dining,World Cuisine,41.0130124,28.976975,Fatih,09:00-22:00,Medium
Ti Amo Bistro Cafe & Restarant,Dining,World Cuisine,41.0132607,28.977117,Fatih,09:00-22:00,Medium
Nova Roma Restaurant,Dining,World Cuisine,41.0140191,28.9770844,Beyoğlu,09:00-22:00,Medium
Sirkeci Sultan Restaurant,Dining,World Cuisine,41.0141533,28.9771329,Beyoğlu,09:00-22:00,Medium
Sultan Sofrası İkram,Dining,World Cuisine,41.0143468,28.9766445,Beyoğlu,09:00-22:00,Medium
Hocapaşa Fish & Kebab,Dining,World Cuisine,41.0138788,28.9764264,Fatih,09:00-22:00,Medium
Antep Kebap Lahmacun,Dining,World Cuisine,41.014373,28.9765685,Beyoğlu,09:00-22:00,Medium
Hacı Beyaz Chef,Dining,World Cuisine,41.0143677,28.9768568,Beyoğlu,09:00-22:00,Medium
Damo Iranian,Dining,Iranian,41.0339665,28.9834585,Beyoğlu,09:00-22:00,Medium
Asmalı Pera Midye,Dining,Turkish,41.0300924,28.9747752,Beyoğlu,09:00-22:00,Medium
Bogenville,Dining,World Cuisine,41.0041941,28.9693453,Fatih,09:00-22:00,Medium
Caffè Nero,Dining,Coffee_Shop,41.0434829,29.0050623,Beşiktaş,09:00-22:00,Medium
Safir restaurant,Dining,World Cuisine,41.0049338,28.9791086,Fatih,09:00-22:00,Medium
Kasap Osman,Dining,Turkish,41.0138973,28.9755725,Fatih,09:00-22:00,Medium
Arkadyos Sütunu,History & Culture,Historical Building,41.0077359,28.9430614,Fatih,09:00-22:00,Low
Cantinery İstinye Park,Dining,International;European,41.110412,29.0334322,Sarıyer,Mo-Su 10:00-24:00,Medium
Sehzadem,Dining,World Cuisine,41.1846054,28.720876,Arnavutköy,09:00-22:00,Medium
Pirim Ciğküfte,Dining,Turkish,41.0261988,29.0161586,Üsküdar,09:00-22:00,Medium
Hasan Usta Kebap,Dining,World Cuisine,41.0044111,29.0281133,Kadıköy,09:00-22:00,Medium
Cozy Etiler,Dining,International,41.0779323,29.031702,Beşiktaş,Mo-Sa 10:00-02:00 Su 12:00-02:00,Medium
Cafe24,Dining,World Cuisine,41.0335558,29.261842,Sancaktepe,09:00-22:00,Medium
Lokanta by Divan,Dining,Regional;Turkish,41.0408956,28.9871037,Şişli,Mo-Fr 12:00-23:00,Medium
Hero's Pizza Başakşehir Şubesi,Dining,Pizza,41.1056832,28.8034022,Başakşehir,11:00-00:00,Medium
Erol Büfe,Dining,Turkish,41.0597459,28.9688582,Şişli,09:00-22:00,Medium
Anatolia,Dining,World Cuisine,41.038845,28.9854033,Beyoğlu,09:00-22:00,Medium
Meat Show,Dining,World Cuisine,41.0390834,28.9847158,Beyoğlu,09:00-22:00,Medium
Ben Ahmet Usta,Dining,World Cuisine,41.0393436,28.9854099,Beyoğlu,09:00-22:00,Medium
More Restaurant,Dining,World Cuisine,41.0389637,28.9850794,Beyoğlu,09:00-22:00,Medium
Big Boss Fish & Kebap,Dining,World Cuisine,41.0398179,28.9848283,Beyoğlu,09:00-22:00,Medium
Big Mamma's,Dining,World Cuisine,41.040094,28.9846736,Beyoğlu,09:00-22:00,Medium
Layali Shamiya,Dining,World Cuisine,41.040408,28.9844941,Beyoğlu,09:00-22:00,Medium
Taebaek,Dining,Korean,41.0405175,28.9844368,Beyoğlu,09:00-22:00,Medium
The Brasserie,Dining,World Cuisine,41.0404542,28.9836478,Beyoğlu,09:00-22:00,Medium
Big Mamas,Dining,World Cuisine,41.0400943,28.9836245,Beyoğlu,09:00-22:00,Medium
Tal Hane,Dining,World Cuisine,41.0402015,28.9837848,Beyoğlu,09:00-22:00,Medium
Natural Fish Kebap,Dining,World Cuisine,41.0396542,28.9838308,Beyoğlu,09:00-22:00,Medium
Çelebi Kebap Pide,Dining,World Cuisine,41.0391699,28.9843697,Beyoğlu,09:00-22:00,Medium
Meydan Cafe Restaurant,Dining,World Cuisine,41.0381776,28.984243,Beyoğlu,09:00-22:00,Medium
Zentrum Cafe Restaurant,Dining,World Cuisine,41.0382615,28.9841849,Beyoğlu,09:00-22:00,Medium
Gönen Rooftop Restaurant,Dining,World Cuisine,41.0385094,28.9840453,Beyoğlu,09:00-22:00,Medium
Midway Cafe Restaurant,Dining,World Cuisine,41.0384713,28.9838074,Beyoğlu,09:00-22:00,Medium
Turkish Barbecue Kebab,Dining,World Cuisine,41.0383978,28.9848521,Beyoğlu,09:00-22:00,Medium
Son Osmanlı Lounge,Dining,World Cuisine,41.0385087,28.9845393,Beyoğlu,09:00-22:00,Medium
Makam,Dining,World Cuisine,41.0392285,28.9752066,Beyoğlu,Mo off; Tu-Su 14:00-03:00,Medium
Murat Muhallebicisi,Dining,World Cuisine,41.022319,28.975486,Beyoğlu,09:00-22:00,Medium
Sofra,Dining,World Cuisine,41.0219727,28.9765138,Beyoğlu,09:00-22:00,Medium
Dem Balık,Dining,Seafood,41.0222754,28.9721239,Beyoğlu,09:00-22:00,Medium
Altınbaca Kebap,Dining,World Cuisine,41.0257682,28.9795815,Beyoğlu,09:00-22:00,Medium
Pera Port Lounge,Dining,World Cuisine,41.0258258,28.979956,Beyoğlu,09:00-22:00,Medium
Poppy,Dining,World Cuisine,41.0259793,28.9801324,Beyoğlu,09:00-22:00,Medium
Arif Bey Köfte,Dining,World Cuisine,41.0231176,28.9769868,Beyoğlu,09:00-22:00,Medium
Tükkan,Dining,World Cuisine,41.0252886,28.9798458,Beyoğlu,09:00-22:00,Medium
Sokak Karaköy Restaurant,Dining,World Cuisine,41.0239498,28.9775346,Beyoğlu,09:00-22:00,Medium
Mumhane Lokantası,Dining,World Cuisine,41.0250335,28.9795364,Beyoğlu,09:00-22:00,Medium
Bonker's,Dining,World Cuisine,41.02489,28.9793508,Beyoğlu,09:00-22:00,Medium
Golden Shish,Dining,World Cuisine,41.0240538,28.9783908,Beyoğlu,09:00-22:00,Medium
Ocean Fish House,Dining,Seafood,41.0241262,28.9781854,Beyoğlu,09:00-22:00,Medium
Galata Rıhtım Balıkçısı,Dining,Seafood,41.0238874,28.9782958,Beyoğlu,09:00-22:00,Medium
Meşhur Karaköy Balık Dürümcüsü,Dining,Seafood,41.0224642,28.9769672,Beyoğlu,09:00-22:00,Medium
Yelkenci Karaköy,Dining,Seafood,41.022269,28.9726297,Beyoğlu,09:00-22:00,Medium
Baracuda,Dining,Seafood,41.0222698,28.9725387,Beyoğlu,09:00-22:00,Medium
Liman Karaköy,Dining,Seafood,41.0222658,28.9724595,Beyoğlu,09:00-22:00,Medium
Fish House Karaköy,Dining,Seafood,41.022269,28.9723708,Beyoğlu,09:00-22:00,Medium
Fanus,Dining,Seafood,41.0222712,28.9722183,Beyoğlu,09:00-22:00,Medium
Benden Karaköy,Dining,World Cuisine,41.0246361,28.9785138,Beyoğlu,09:00-22:00,Medium
Emek Borek,Dining,World Cuisine,41.0345699,28.9764266,Beyoğlu,09:00-22:00,Medium
Güler Ocakbaşı Restaurant,Dining,Turkish;Kebab,41.0691889,29.0092766,Sisli,Mo-Su 12:00-00:00,Medium
Urfam Lahmacun,Dining,Turkish,41.0857774,29.0465202,Sarıyer,09:00-22:00,Medium
Makana,Dining,Noodle,41.0435653,29.0061373,Beşiktaş,09:00-22:00,Medium
Meat Moot,Dining,World Cuisine,41.0483569,29.0279678,Beşiktaş,09:00-22:00,Medium
Mesut Cafe,Dining,World Cuisine,41.026349,29.016081,Üsküdar,"Mo-Su,PH 13:00-02:00",Medium
Gençlik Parkı,Nature & Park,Park,41.0195305,29.1103366,Ümraniye,09:00-22:00,Low
Anadolu,Dining,World Cuisine,41.0098491,28.9761908,Fatih,09:00-22:00,Medium
Just Pizza Gayrettepe,Dining,Pizza,41.0652679,29.0068309,Şişli,Mo-Sa 11:30-24:00; Su 14:00-23:00,Medium
Prasini Papia,Dining,World Cuisine,41.06526,29.0066895,Şişli,Mo-Fr 08:00-19:00; PH off,Medium
Damak Et Lokantası,Dining,World Cuisine,41.0211572,28.7870677,Küçükçekmece,09:00-22:00,Medium
Günaydin,Dining,Steak_House,41.0276267,28.9869565,Beyoğlu,09:00-22:00,High
Gina,Dining,World Cuisine,41.0277194,28.9864415,Beyoğlu,09:00-22:00,Medium
Meat Moot,Dining,World Cuisine,41.0354622,28.9812127,Beyoğlu,09:00-22:00,Medium
Murat Çetin,Dining,World Cuisine,41.035158,28.9811425,Beyoğlu,09:00-22:00,Medium
Nori,Dining,Sushi,41.0321654,28.9818138,Beyoğlu,09:00-22:00,High
Mayko,Dining,World Cuisine,41.032218,28.9820398,Beyoğlu,09:00-22:00,Medium
Ulas Balikciluk,Dining,Fish,41.0329681,28.9823931,Beyoğlu,09:00-22:00,Medium
Safran Pide Börek Salonu,Dining,Turkish;Bagel,41.0272291,29.1028478,Ümraniye,Mo-Su 06:00-16:00,Medium
Baba Söğüş,Dining,Regional,41.0646083,29.0063796,Beşiktaş,Tu-Su 12:00-22:00; PH closed,Medium
Sezen Meyhanesi,Dining,World Cuisine,41.0447024,29.0037017,Beşiktaş,09:00-22:00,Medium
Köfteci Yusuf,Dining,Turkish,41.1026354,29.2910155,Sancaktepe,09:00-22:00,Medium
Köfteci Yusuf,Dining,Turkish,41.0597208,28.7111382,Avcılar,Mo-Su 08:00-00:00,Medium
İBB Eyüpsultan Kent Lokantası,Dining,Turkish,41.0792224,28.9319747,Gaziosmanpaşa,Mo-Fr 12:00-20:00,Medium
Padişah Mahfili - Yeni Cami,History & Culture,Historical Building,41.0168929,28.9727768,Fatih,09:00-22:00,Low
Tayba Falafel Ve Pide,Dining,World Cuisine,41.0109126,28.9448389,Fatih,09:00-22:00,Medium
Uniq Kitchen,Dining,World Cuisine,41.0645817,29.0063582,Beşiktaş,09:00-22:00,Medium
Limgarden Kafe&Restoran&Ev Yemekleri,Dining,World Cuisine,41.0063119,28.871212,Bahçelievler,Mo-Sa 09:30-23:00,Medium
Warung Nusantara Indonesian Restaurant,Dining,Indonesian,41.0158097,28.9312835,Fatih,Mo-Su 11:00-21:00,Medium
Buselik Meyhane - Anadolu Hisarı,Dining,Turkish,41.0810094,29.0666535,Beykoz,Mo-Su 16:00-00:00,Medium
Sembol Ocakbaşı Bosphorus,Dining,Turkish,41.0809517,29.0665446,Beykoz,Mo-Su 11:00-23:00,Medium
Botanik Café & Restaurant,Dining,Burger;Italian;Turkish,41.2093185,28.7211001,Arnavutköy,Mo-Su 08:30-02:00,Medium
Sark Sofrasi,Dining,World Cuisine,41.1842559,28.7453143,Arnavutköy,09:00-22:00,Medium
Erzurum Cag Kebab,Dining,Turkish,41.2044696,28.7285983,Arnavutköy,09:00-22:00,Medium
Dürümcü Mustafa Usta (DMU),Dining,Turkish,41.2044229,28.7293068,Arnavutköy,09:00-22:00,Medium
Çayır Restorantı,Dining,Turkish,41.1452876,29.0860502,Beykoz,09:00-22:00,Medium
Ara Gurme Lahmacun Pide Kebap,Dining,Turkish,41.0609908,28.988115,Şişli,09:00-22:00,Medium
Midpoint,Dining,Steak_House,41.0675516,28.9919895,Şişli,09:00-22:00,High
Dilek,Dining,World Cuisine,41.0251074,29.0131678,Üsküdar,09:00-22:00,Medium
Soup Locale Cihangir,Dining,World Cuisine,41.0317085,28.9846835,Beyoğlu,09:00-22:00,Medium
Hünkar Pide&Börek,Dining,Turkish,41.024797,29.0176201,Üsküdar,09:00-22:00,Medium
مطعم الضياء,Dining,World Cuisine,41.0611363,28.8031496,Bağcılar,09:00-22:00,Medium
Abooov Kebap,Dining,Turkish,41.017228,29.0775426,Ümraniye,09:00-22:00,Medium
Shamse,Dining,Iranian,41.032036,28.9766443,Beyoğlu,09:00-22:00,Medium
White Pepper,Dining,Turkish,41.039074,28.9954681,Beşiktaş,Mo-Su 12:00-00:00,Medium
Restaurant Mabou,Dining,World Cuisine,41.0290445,28.9739811,Beyoğlu,09:00-22:00,Medium
Pilav Ciğer Kelle Paça,Dining,World Cuisine,41.109019,28.8498769,Sultangazi,09:00-22:00,Medium
Aden Kır Lokantası,Dining,World Cuisine,41.1628893,28.7755161,Arnavutköy,09:00-22:00,Medium
Tarihi Kısıklı Fasülyecisi,Dining,World Cuisine,41.0218225,29.0631083,Ümraniye,09:00-22:00,Medium
Haunt Cafe Restaurant,Dining,World Cuisine,41.0092635,29.1352765,Ataşehir,09:00-22:00,Medium
Denizler Kasap-Mangal,Dining,World Cuisine,41.03831,28.9814234,Beyoğlu,Mo-Sa 12:00-23:30,Medium
Meat Bar,Dining,World Cuisine,41.0860487,29.0085934,Şişli,09:00-22:00,Medium
Kaşıkçı Lokantası,Dining,World Cuisine,41.086261,29.0084271,Şişli,09:00-22:00,Medium
Food Point,Dining,World Cuisine,41.0863365,29.0079403,Şişli,09:00-22:00,Medium
Pizza Hut,Dining,Pizza,41.0155787,29.0751447,Ümraniye,09:00-22:00,Medium
Hicret Kebap,Dining,World Cuisine,41.1975519,28.752665,Arnavutköy,09:00-22:00,Medium
Sur Balık Restoran Arnavutköy,Dining,Fish;Seafood,41.0672607,29.0436519,Beşiktaş,Mo-Su 12:00-00:00,Medium
Kale Café,Dining,World Cuisine,41.0885199,29.0568173,Beykoz,Mo-Su 06:00-22:00,Medium
Big Chefs,Dining,World Cuisine,41.1371123,29.0582349,Sarıyer,Mo-Su 09:00-00:00,Medium
Sade Kahve,Dining,Breakfast,41.0865594,29.0568492,Beykoz,Mo-Su 08:00-22:00,Medium
Karkas Ocakbaşı,Dining,Kebab,41.0884275,29.0567821,Beykoz,Mo-Su 12:00-01:00,Medium
464 Yeniköy,Dining,World Cuisine,41.1249346,29.0702686,Beykoz,Mo-Su 08:00-00:00,Medium
Paşa Döner,Dining,Turkish,41.0846494,28.9278637,Gaziosmanpaşa,09:00-22:00,Medium
Öz Hamur,Dining,Turkish,41.0848328,28.927484,Gaziosmanpaşa,09:00-22:00,Medium
Tatlıcı anteplioğulları,Dining,Turkish,41.0845394,28.927979,Gaziosmanpaşa,09:00-22:00,Medium
Arsamiea Çiğköfte,Dining,Turkish,41.0821005,28.9247212,Gaziosmanpaşa,09:00-22:00,Medium
Meşhur Bodrum Döner,Dining,Turkish,41.0758612,28.9464685,Kağıthane,09:00-22:00,Medium
46 Zurna Dürüm,Dining,Turkish,41.0842395,28.9281687,Gaziosmanpaşa,09:00-22:00,Medium
Onur Güntay Kebapçı Bey,Dining,Turkish,41.0829014,28.9282874,Gaziosmanpaşa,09:00-22:00,Medium
Anıl Börek Salonu,Dining,Turkish,41.0828363,28.9283056,Gaziosmanpaşa,09:00-22:00,Medium
Şehit Erdal Tenekeci Parkı,Nature & Park,Park,41.0849807,28.9866503,Kağıthane,09:00-22:00,Low
Munhanie Restaurant,Dining,World Cuisine,41.0036232,28.9723766,Fatih,09:00-22:00,Medium
Diva fish kebab restaurant,Dining,World Cuisine,41.00364,28.9792736,Fatih,09:00-22:00,Medium
MANDI SEBAM,Dining,Arab;Regional;Tea;Steak_House;Chicken;Kebab;Seafood;Noodle;Breakfast;Juice;Donut,41.0126775,28.9410105,Fatih,Mo-Su 10:00-22:00,High
Hevsel Terrace,Dining,World Cuisine,41.0257598,28.9722663,Beyoğlu,09:00-22:00,Medium
İBB Arnavutköy Kent Lokantası,Dining,Turkish,41.1834794,28.7391875,Arnavutköy,Mo-Fr 08:00-20:00; Sa 12:00-17:00,Medium
İBB Sultangazi Kent Lokantası,Dining,Turkish,41.0998992,28.8743584,Sultangazi,Mo-Fr 08:00-20:00; Sa 12:00-17:00,Medium
The Populist,Dining,World Cuisine,41.027177,28.9860862,Beyoğlu,09:00-22:00,Medium
Golden Chef Restaurant,Dining,World Cuisine,41.1393404,29.0330004,Sarıyer,09:00-22:00,Medium
vira vira balık,Dining,Fish,41.0672544,29.0434383,Beşiktaş,09:00-22:00,Medium
Kuşhane Parkı,Nature & Park,Park,41.0608798,28.9615919,Kağıthane,09:00-22:00,Low
Sultan Şah Parkı,Nature & Park,Park,41.0653364,28.9645684,Kağıthane,09:00-22:00,Low
Nazen Sarıyer,Dining,Turkish,41.1878195,29.0801993,Sarıyer,09:00-22:00,Medium
Cafe Cumhuriyetköy,Dining,Breakfast;Regional,41.0687054,28.9949139,Şişli,09:00-22:00,Medium
Zuğa Beach & Restaurant,Dining,Regional;Fish;Breakfast,41.2551117,29.0388892,Sarıyer,09:00-22:00,Medium
Adanalı Kebapçı Mehmet,Dining,Kebab,41.0787501,29.0097648,Şişli,Mo-Su 11:00-23:00,Medium
Sushi-G Asian Restaurant & Market Sancaktepe,Dining,Sushi;Japanese;Chinese;Mexican;Indian;Thai;Korean;Fish_And_Chips;Russian,41.0051257,29.1954768,Sancaktepe,09:00-22:00,High
Chacha Balık,Dining,World Cuisine,41.054928,29.0520741,Üsküdar,09:00-22:00,Medium
Hoca Ahmet Tûrânî Kabri,Other,General,41.0396879,29.0005098,Beşiktaş,09:00-22:00,Low
Dolmabahçe Sarayı Deniz Kapısı,Other,General,41.0387281,29.000731,Beşiktaş,09:00-22:00,Low
Tarihi Kemer Kalıntısı,History & Culture,Historical Building,41.021825,28.952164,Fatih,09:00-22:00,Low
Antakya mutfagi,Dining,World Cuisine,41.0351323,28.9827421,Beyoğlu,09:00-22:00,Medium
Lezzet Arayanlara,Dining,Breakfast;Süt_Ürünleri,41.05758,29.0655378,Ümraniye,09:00-22:00,Medium
Ağababa Döner & Yemek Restaurant,Dining,World Cuisine,41.0050661,29.1667156,Çekmeköy,09:00-22:00,Medium
Ekmek Teknesi,Dining,Turkish,41.0358996,29.0299275,Üsküdar,We-Mo 11:00-21:30,Medium
Elise Pide Lahmacun,Dining,World Cuisine,41.0491056,29.0253102,Beşiktaş,Mo-Fr 10:30-23:30,Medium
Griffin Bomonti,Dining,Turkish,41.0553765,28.9817246,Şişli,13:00-02:00,Medium
#saltbae,Dining,World Cuisine,41.2618709,28.7449587,Arnavutköy,09:00-22:00,Medium
Carluccio's,Dining,Italian,41.2610804,28.7408463,Arnavutköy,09:00-22:00,Medium
Sofyalı 9 Restoran,Dining,Türk_Mutfağı;Regional;Meyhane,41.0290879,28.9743252,Beyoğlu,Salı-Pazar 14:30-01:30,Medium
Oses Çiğköfte Vefa,Dining,Turkish,41.0133179,28.961086,Fatih,09:00-22:00,Medium
Mercan Kebap Salonu,Dining,Kebab;Turkish,41.0445975,29.0002997,Beşiktaş,Mo-Su 11:30-04:00,Medium
Vegan Community Kitchen Express,Dining,World Cuisine,41.0276041,28.977963,Beyoğlu,09:00-22:00,Medium
Del Mare,Dining,Fish;Mediterranean;Seafood;Turkish,41.0544098,29.0520424,Üsküdar,Mo-Su 12:00-00:00,Medium
Günaydın,Dining,Kebab;Turkish;Sandwich,41.02649,28.9834903,Beyoğlu,09:00-22:00,Medium
Bodrum,Dining,Turkish,41.026921,28.9843871,Beyoğlu,09:00-22:00,Medium
Dürümle,Dining,Turkish;Kebab;Chicken,41.0269809,28.9845235,Beyoğlu,09:00-22:00,Medium
Tokyoya Japanese Cafe & Bistro,Dining,Japanese;Korean;Ramen,41.0229666,29.1121679,Ümraniye,Mo-Sa 11:30-22:00,High
Pınar Esnaf Lokantası,Dining,Home_Style_Cooking;Kebab,41.0691093,28.8089532,Başakşehir,09:00-22:00,Medium
Kilisli Ömer Usta,Dining,Turkish,41.0007997,29.101442,Ataşehir,09:00-22:00,Medium
New Balat café restaurant,Dining,World Cuisine,41.030568,28.949824,Fatih,09:00-22:00,Medium
lotiz lounge hookah,Dining,World Cuisine,41.0118039,28.958389,Fatih,09:00-22:00,Medium
Haznedar Meydan Gece Ciğercisi,Dining,Turkish,41.0059569,28.8709297,Bahçelievler,Mo-Sa 11:00-02:00,Medium
BiTas Ev Yemekleri,Dining,Turkish,41.0069177,28.8694552,Bahçelievler,Mo-Sa 07:00-20:00,Medium
Gezi Parkı olaylarının gerçekleştiği yer,Other,General,41.0372496,28.9862711,Beyoğlu,09:00-22:00,Low
Küçük Ev,Dining,Turkish,41.1044554,29.0194147,Sarıyer,Mo-Sa 07:00-22:00,Medium
250. Yıl Anıtı,History & Culture,Historical Building,41.1029173,29.0233877,Kağıthane,09:00-22:00,Low
Bluff Coffee Bakery,Dining,World Cuisine,41.1046117,29.0205946,Kağıthane,Mo-Su 07:00-00:30,Medium
Tarihi Unkapanı Pilavcısı,Dining,World Cuisine,41.104675,29.0210656,Kağıthane,09:00-22:00,Medium
Selfiş,Dining,World Cuisine,41.1047212,29.0214098,Kağıthane,09:00-22:00,Medium
Seyr-i Restaurant,Dining,World Cuisine,41.1071619,29.0227369,Kağıthane,09:00-22:00,Medium
Asian Mom Hotpot,Dining,Chinese,41.0404733,28.9844496,Beyoğlu,Mo-Su 12:30-22:30,Medium
Zer Grow,Dining,Regional,41.1273787,29.159003,Beykoz,09:00-22:00,Medium
Nimelceyş Kabiri,Other,General,41.0049688,28.9818618,Fatih,09:00-22:00,Low
Hasan Baba Kabri,Other,General,41.0044472,28.9815974,Fatih,09:00-22:00,Low
Bizans Lahdi,History & Culture,Historical Building,41.0043528,28.9812179,Fatih,09:00-22:00,Low
Nimelceyş Kabiri,Other,General,41.0039629,28.9819079,Fatih,09:00-22:00,Low
Hasbahçe Kapısı,Other,General,41.0145504,28.9866043,Beyoğlu,09:00-22:00,Low
Adile Sultan Ev Yemekleri,Dining,World Cuisine,41.0008825,29.052099,Kadıköy,09:00-22:00,Medium
Pizza Hut,Dining,Pizza,41.0357566,29.2624934,Sancaktepe,09:00-22:00,Medium
IV. Mehmet Türbesi,Other,General,41.0160855,28.9717905,Fatih,09:00-22:00,Low
Sultan Abdulaziz Han kabri,Other,General,41.008552,28.9725794,Fatih,09:00-22:00,Low
V. Murat Türbesi,Other,General,41.0161468,28.9717123,Fatih,09:00-22:00,Low
II. Abdülhamid Türbesi,Other,General,41.0086349,28.972596,Fatih,09:00-22:00,Low
İstanbul'un Fethi,Other,General,41.0216527,28.9263123,Eyüpsultan,09:00-22:00,Low
Konstantinopolis Kuşatması (717-718),Other,General,41.025776,28.9741304,Beyoğlu,09:00-22:00,Low
Konstantinopolis'in Yağmalanması,Other,General,41.0385746,28.9405573,Eyüpsultan,09:00-22:00,Low
Şair Zihni Parkı,Nature & Park,Park,41.004419,29.12286,Ataşehir,09:00-22:00,Low
Ora's Steak & Burger,Dining,Burger;Steak_House,41.0229559,29.0412306,Üsküdar,09:00-22:00,High
Old Instanbul Rooftop Terrace,Dining,World Cuisine,41.0136412,28.9763039,Fatih,09:00-22:00,Medium
Biryani Palace,Dining,Indian,41.0161105,28.9761682,Beyoğlu,09:00-22:00,Medium
Öz Gaziantep,Dining,World Cuisine,41.032589,28.968995,Beyoğlu,09:00-22:00,Medium
Sher Restaurant,Dining,World Cuisine,41.013375,28.9766325,Fatih,09:00-22:00,Medium
Sushi Palace,Dining,Sushi,41.0065176,28.9818966,Fatih,09:00-22:00,High
Mr. Dumpling,Dining,World Cuisine,41.0139481,28.9759411,Fatih,09:00-22:00,Medium
Buyruk Esnaf Lokantasi,Dining,Turkish,41.0139015,28.9761453,Fatih,06:00-22:00,Medium
Antik,Dining,World Cuisine,41.0103996,28.978511,Fatih,09:00-22:00,Medium
Later Hotpot,Dining,Chinese,41.0591393,28.9876715,Şişli,09:00-22:00,Medium
Ispartalu 1937,Dining,Turkish,41.0595646,28.9860639,Şişli,09:00-22:00,Medium
Chops Lounge,Dining,World Cuisine,41.067724,29.0018886,Şişli,09:00-22:00,Medium
Gasto Nişantaşı,Dining,World Cuisine,41.0492025,28.9961231,Beşiktaş,Tu-Su 11:00-22:00,Medium
Le'Mejnun Ocakbaşı,Dining,World Cuisine,41.0006508,29.1021031,Ataşehir,09:00-22:00,Medium
15 Temmuz Darbe Girişiminin başlangıç ​​noktası,Other,General,41.0510031,29.0282822,Beşiktaş,09:00-22:00,Low
Validebağ Su Terazisi,Other,General,41.0170792,29.0436556,Üsküdar,09:00-22:00,Low
Nişantaşı Üniversitesi Terası,Nature & Park,Park,41.11846,29.0076984,Kağıthane,09:00-22:00,Low
Şişli Pilavcısı,Dining,World Cuisine,41.0662119,28.9869742,Şişli,09:00-22:00,Medium
Kayseri Ev Yemekleri,Dining,World Cuisine,41.0008711,29.0549917,Kadıköy,09:00-22:00,Medium
Bizim Lokanta,Dining,World Cuisine,41.0012792,29.0548021,Kadıköy,09:00-22:00,Medium
Kırıntı,Dining,World Cuisine,41.0027207,29.0550949,Kadıköy,09:00-22:00,Medium
Salih Çavuş Konutu,Other,General,41.1125794,29.0899346,Beykoz,09:00-22:00,Low
Bolu 1,Dining,World Cuisine,41.2202718,29.0329331,Sarıyer,09:00-22:00,Medium
Baba Çorba,Dining,World Cuisine,41.2201522,29.0328848,Sarıyer,09:00-22:00,Medium
Yeşilköy Tavuk&Tavuk,Dining,Turkish,41.0073067,28.953224,Fatih,Mo-Su 11:00–00:00,Medium
Simit Café Restaurant,Dining,Turkish,41.0059233,28.9539822,Fatih,Mo-Su 08:00–02:00,Medium
Kebab Dünyası Cafe&Restaurant,Dining,Turkish,41.0064286,28.9538306,Fatih,Mo-Su 10:00–00:00,Medium
Şehit Piyade Er İsa Erçetin Parkı,Nature & Park,Park,41.0697521,28.8802175,Bayrampaşa,09:00-22:00,Low
Selim Kebap,Dining,Kebab;Turkish,41.0325964,28.7956969,Küçükçekmece,09:00-22:00,Medium
Selim Kebap,Dining,Kebab;Turkish,41.1123436,29.0195324,Sarıyer,Mo-Su 10:00-18:00,Medium
Hoca Ahmet Yesevi Parkı,Nature & Park,Park,41.0028647,28.9713902,Fatih,09:00-22:00,Low
Kıyı Sokak Parkı,Nature & Park,Park,41.0711359,28.8790324,Bayrampaşa,09:00-22:00,Low
Şelale Parkı,Nature & Park,Park,41.0523184,28.8996084,Bayrampaşa,09:00-22:00,Low
Gür Sokak Parkı,Nature & Park,Park,41.0676095,28.8896683,Bayrampaşa,09:00-22:00,Low
Cahit Zarifoğlu Parkı Çocuk Oyun Alanı,Nature & Park,Park,41.0693242,28.8920391,Bayrampaşa,09:00-22:00,Low
Terazidre Çocuk Oyun Alanı,Nature & Park,Park,41.0322682,28.8985586,Bayrampaşa,09:00-22:00,Low
Eyüp Bürlek Parkı,Nature & Park,Park,41.0298767,28.919893,Eyüpsultan,09:00-22:00,Low
Star Köfte,Dining,Turkish,41.066264,29.0065075,Şişli,Mo-Sa 07:00-19:30; PH closed,Medium
Oruç Et Lokantası,Dining,Steak_House,41.00828,29.2135473,Sancaktepe,09:00-22:00,High
Gaziosmanpaşa Belediyesi Su Kemeri Sosyal Tesisleri,Dining,Turkish,41.0855939,28.9063193,Sultangazi,09:00-22:00,Medium
HuQQabaz Mall Of İstanbul,Dining,World Cuisine,41.06422,28.8075639,Başakşehir,09:00-22:00,Medium
Doyum Cafe Changhir,Dining,Turkish,41.0312998,28.9823482,Beyoğlu,09:00-22:00,Medium
Lausos Sarayı'nın Kalıntıları,Other,General,41.007586,28.9755539,Fatih,09:00-22:00,Low
Pide Ban,Dining,Turkish,41.1561028,29.0355521,Sarıyer,09:00-22:00,Medium
Gallada by Fatih Tutak,Dining,Turkish;Asian,41.0228565,28.978053,Beyoğlu,09:00-22:00,Medium
Adile Sultan Ev Yemekleri - Ümraniye Restoranı,Dining,World Cuisine,41.0227418,29.1061787,Ümraniye,Mo-Su 11:00-21:30,Medium
Ay Et Market Kasap & Restoran,Dining,World Cuisine,41.0236491,29.0921408,Ümraniye,09:00-22:00,Medium
Lokanta Safderun,Dining,World Cuisine,41.0446774,28.9371323,Eyüpsultan,09:00-22:00,Medium
Narin Cafe & Restaurant,Dining,Turkish,41.1240785,28.7358046,Arnavutköy,09:00-22:00,Medium
Nokta Kahvaltı & Izgara Kuzu Çevirme,Dining,Turkish,41.1550578,28.788079,Başakşehir,09:00-22:00,Medium
Fulham Park Cistern,Other,General,41.0137644,28.9817985,Beyoğlu,09:00-22:00,Low
Defne Bahçesi Kahvaltı Mangal,Dining,Turkish,41.0912658,28.7195873,Esenyurt,09:00-22:00,Medium
Tarihi Hasanderesi Köprüsü,History & Culture,Historical Building,41.0620171,28.7567958,Başakşehir,09:00-22:00,Low
Dilek Cafe & Restorant,Dining,Turkish,41.1034753,28.8572285,Sultangazi,09:00-22:00,Medium
Semt Pilavcısı,Dining,Turkish,41.1036619,28.8579288,Sultangazi,09:00-22:00,Medium
Abu Ayb Al Ansari,Other,General,41.0482228,28.9335266,Eyüpsultan,09:00-22:00,Low
Muhammad Harrani,Other,General,41.0499278,28.933676,Eyüpsultan,09:00-22:00,Low
Muhammad Al Fatih,Other,General,41.0192911,28.9502782,Fatih,09:00-22:00,Low
Muhammad Amin Tokadi,Other,General,41.0200281,28.9581164,Fatih,09:00-22:00,Low
Abul Vefa,Other,General,41.0168197,28.9594706,Fatih,09:00-22:00,Low
Old Konak,Dining,World Cuisine,41.0117343,28.9592296,Fatih,Su-Sa 10:00-02:00,Medium
Green Salads,Dining,World Cuisine,41.0456152,28.8970456,Bayrampaşa,09:00-22:00,Medium
Green Salads,Dining,World Cuisine,41.0747247,28.924389,Gaziosmanpaşa,09:00-22:00,Medium
SushiCo,Dining,World Cuisine,41.0627252,28.8064702,Bağcılar,09:00-22:00,Medium
Pilavcı Durmuş Usta,Dining,World Cuisine,41.0246902,29.0963702,Ümraniye,09:00-22:00,Medium
Azurro Pizza Napoletana,Dining,Pizza,41.0515976,28.9898505,Şişli,09:00-22:00,Medium
Miso Ramen,Dining,Japanese,41.0520899,28.988339,Şişli,09:00-22:00,High
Smash House,Dining,World Cuisine,41.0512807,28.9902436,Şişli,09:00-22:00,Medium
Otooto Sushi,Dining,Japanese,41.0505264,28.98905,Şişli,09:00-22:00,High
Desi vibes,Dining,Indian,41.0040319,28.9641813,Fatih,"Mo-Th,Sa-Su 11:00-23:30; Fr 11:00-12:30,14:00-23:30",Medium
